id,stage,spoke,act,text,source,workstream,psych_axis,composite_vb
1,refusal,3,departure,I keep waiting for the perfect moment to start.,core,core,fear_vs_action,[act=departure | stage=refusal | spoke=3 | source=core | workstream=core | psych_axis=fear_vs_action] :: I keep waiting for the perfect moment to start.
2,refusal,3,departure,"I tell myself I'm not ready yet, even though I have enough to begin.",core,core,fear_vs_action,"[act=departure | stage=refusal | spoke=3 | source=core | workstream=core | psych_axis=fear_vs_action] :: I tell myself I'm not ready yet, even though I have enough to begin."
3,refusal,3,departure,I delay because starting would make my intentions real.,core,core,fear_vs_action,[act=departure | stage=refusal | spoke=3 | source=core | workstream=core | psych_axis=fear_vs_action] :: I delay because starting would make my intentions real.
4,refusal,3,departure,I hide behind planning so I don't have to risk failure.,core,core,fear_vs_action,[act=departure | stage=refusal | spoke=3 | source=core | workstream=core | psych_axis=fear_vs_action] :: I hide behind planning so I don't have to risk failure.
5,refusal,3,departure,I keep polishing instead of publishing.,core,core,image_vs_integrity,[act=departure | stage=refusal | spoke=3 | source=core | workstream=core | psych_axis=image_vs_integrity] :: I keep polishing instead of publishing.
6,refusal,3,departure,I avoid the next step because it might expose what I actually want.,core,core,fear_vs_action,[act=departure | stage=refusal | spoke=3 | source=core | workstream=core | psych_axis=fear_vs_action] :: I avoid the next step because it might expose what I actually want.
7,refusal,3,departure,I pretend I'm busy when I'm really afraid.,core,core,fear_vs_action,[act=departure | stage=refusal | spoke=3 | source=core | workstream=core | psych_axis=fear_vs_action] :: I pretend I'm busy when I'm really afraid.
8,refusal,3,departure,I numb out instead of choosing a direction.,core,core,numbness_vs_presence,[act=departure | stage=refusal | spoke=3 | source=core | workstream=core | psych_axis=numbness_vs_presence] :: I numb out instead of choosing a direction.
9,refusal,3,departure,I overthink until the moment passes.,core,core,fear_vs_action,[act=departure | stage=refusal | spoke=3 | source=core | workstream=core | psych_axis=fear_vs_action] :: I overthink until the moment passes.
10,refusal,3,departure,I wait for external permission instead of committing.,core,core,control_vs_autonomy,[act=departure | stage=refusal | spoke=3 | source=core | workstream=core | psych_axis=control_vs_autonomy] :: I wait for external permission instead of committing.
11,call,2,departure,Something in me knows the current way of living isn't enough.,core,core,comfort_vs_truth,[act=departure | stage=call | spoke=2 | source=core | workstream=core | psych_axis=comfort_vs_truth] :: Something in me knows the current way of living isn't enough.
12,call,2,departure,"I feel a pull toward a truer life, even if I can't explain it.",core,core,comfort_vs_truth,"[act=departure | stage=call | spoke=2 | source=core | workstream=core | psych_axis=comfort_vs_truth] :: I feel a pull toward a truer life, even if I can't explain it."
13,call,2,departure,A new possibility appears and I can't unsee it.,core,core,practice_vs_fantasy,[act=departure | stage=call | spoke=2 | source=core | workstream=core | psych_axis=practice_vs_fantasy] :: A new possibility appears and I can't unsee it.
14,call,2,departure,I sense a mission forming: build something that matters.,core,core,ego_vs_service,[act=departure | stage=call | spoke=2 | source=core | workstream=core | psych_axis=ego_vs_service] :: I sense a mission forming: build something that matters.
15,call,2,departure,I get a signal—an invitation to level up.,core,core,practice_vs_fantasy,[act=departure | stage=call | spoke=2 | source=core | workstream=core | psych_axis=practice_vs_fantasy] :: I get a signal—an invitation to level up.
16,call,2,departure,I feel the discomfort that precedes change.,core,core,comfort_vs_truth,[act=departure | stage=call | spoke=2 | source=core | workstream=core | psych_axis=comfort_vs_truth] :: I feel the discomfort that precedes change.
17,call,2,departure,I notice a repeating pattern and decide it ends here.,core,core,projection_vs_ownership,[act=departure | stage=call | spoke=2 | source=core | workstream=core | psych_axis=projection_vs_ownership] :: I notice a repeating pattern and decide it ends here.
18,call,2,departure,I see a path where my skills and values align.,core,core,image_vs_integrity,[act=departure | stage=call | spoke=2 | source=core | workstream=core | psych_axis=image_vs_integrity] :: I see a path where my skills and values align.
19,call,2,departure,I realize the cost of staying the same is higher than changing.,core,core,comfort_vs_truth,[act=departure | stage=call | spoke=2 | source=core | workstream=core | psych_axis=comfort_vs_truth] :: I realize the cost of staying the same is higher than changing.
20,call,2,departure,I feel a quiet certainty: it's time.,core,core,certainty_vs_trust,[act=departure | stage=call | spoke=2 | source=core | workstream=core | psych_axis=certainty_vs_trust] :: I feel a quiet certainty: it's time.
21,threshold,5,departure,I take one step even while afraid.,core,core,fear_vs_action,[act=departure | stage=threshold | spoke=5 | source=core | workstream=core | psych_axis=fear_vs_action] :: I take one step even while afraid.
22,threshold,5,departure,I choose action over reassurance.,core,core,certainty_vs_trust,[act=departure | stage=threshold | spoke=5 | source=core | workstream=core | psych_axis=certainty_vs_trust] :: I choose action over reassurance.
23,threshold,5,departure,"I send the message, ship the commit, make the call.",core,core,fear_vs_action,"[act=departure | stage=threshold | spoke=5 | source=core | workstream=core | psych_axis=fear_vs_action] :: I send the message, ship the commit, make the call."
24,threshold,5,departure,I cross the line from thinking to doing.,core,core,fear_vs_action,[act=departure | stage=threshold | spoke=5 | source=core | workstream=core | psych_axis=fear_vs_action] :: I cross the line from thinking to doing.
25,threshold,5,departure,I stop negotiating with my fear and move anyway.,core,core,fear_vs_action,[act=departure | stage=threshold | spoke=5 | source=core | workstream=core | psych_axis=fear_vs_action] :: I stop negotiating with my fear and move anyway.
26,threshold,5,departure,I make the first uncomfortable move and survive it.,core,core,fear_vs_action,[act=departure | stage=threshold | spoke=5 | source=core | workstream=core | psych_axis=fear_vs_action] :: I make the first uncomfortable move and survive it.
27,threshold,5,departure,I accept that imperfect action is the entrance fee.,core,core,comfort_vs_truth,[act=departure | stage=threshold | spoke=5 | source=core | workstream=core | psych_axis=comfort_vs_truth] :: I accept that imperfect action is the entrance fee.
28,threshold,5,departure,I begin before confidence arrives.,core,core,fear_vs_action,[act=departure | stage=threshold | spoke=5 | source=core | workstream=core | psych_axis=fear_vs_action] :: I begin before confidence arrives.
29,threshold,5,departure,I commit publicly so I can't retreat easily.,core,core,control_vs_autonomy,[act=departure | stage=threshold | spoke=5 | source=core | workstream=core | psych_axis=control_vs_autonomy] :: I commit publicly so I can't retreat easily.
30,threshold,5,departure,I let momentum replace motivation.,core,core,practice_vs_fantasy,[act=departure | stage=threshold | spoke=5 | source=core | workstream=core | psych_axis=practice_vs_fantasy] :: I let momentum replace motivation.
31,tests,6,initiation,"I hit friction and treat it as feedback, not failure.",core,core,practice_vs_fantasy,"[act=initiation | stage=tests | spoke=6 | source=core | workstream=core | psych_axis=practice_vs_fantasy] :: I hit friction and treat it as feedback, not failure."
32,tests,6,initiation,I learn by breaking things and fixing them.,core,core,practice_vs_fantasy,[act=initiation | stage=tests | spoke=6 | source=core | workstream=core | psych_axis=practice_vs_fantasy] :: I learn by breaking things and fixing them.
33,tests,6,initiation,I keep iterating instead of quitting.,core,core,practice_vs_fantasy,[act=initiation | stage=tests | spoke=6 | source=core | workstream=core | psych_axis=practice_vs_fantasy] :: I keep iterating instead of quitting.
34,tests,6,initiation,I notice old triggers and practice staying present anyway.,core,core,practice_vs_fantasy,[act=initiation | stage=tests | spoke=6 | source=core | workstream=core | psych_axis=practice_vs_fantasy] :: I notice old triggers and practice staying present anyway.
35,tests,6,initiation,"I refine the system: smaller steps, clearer inputs.",core,core,practice_vs_fantasy,"[act=initiation | stage=tests | spoke=6 | source=core | workstream=core | psych_axis=practice_vs_fantasy] :: I refine the system: smaller steps, clearer inputs."
36,tests,6,initiation,I get rejected and stay on the path.,core,core,practice_vs_fantasy,[act=initiation | stage=tests | spoke=6 | source=core | workstream=core | psych_axis=practice_vs_fantasy] :: I get rejected and stay on the path.
37,tests,6,initiation,I feel resistance and choose discipline.,core,core,practice_vs_fantasy,[act=initiation | stage=tests | spoke=6 | source=core | workstream=core | psych_axis=practice_vs_fantasy] :: I feel resistance and choose discipline.
38,tests,6,initiation,I stop chasing novelty and do the boring reps.,core,core,practice_vs_fantasy,[act=initiation | stage=tests | spoke=6 | source=core | workstream=core | psych_axis=practice_vs_fantasy] :: I stop chasing novelty and do the boring reps.
39,tests,6,initiation,"I test assumptions with reality, not mood.",core,core,practice_vs_fantasy,"[act=initiation | stage=tests | spoke=6 | source=core | workstream=core | psych_axis=practice_vs_fantasy] :: I test assumptions with reality, not mood."
40,tests,6,initiation,I build stamina for uncertainty.,core,core,practice_vs_fantasy,[act=initiation | stage=tests | spoke=6 | source=core | workstream=core | psych_axis=practice_vs_fantasy] :: I build stamina for uncertainty.
41,allies,6,initiation,I find people who make the path clearer.,core,core,mentorship_vs_dependence,[act=initiation | stage=allies | spoke=6 | source=core | workstream=core | psych_axis=mentorship_vs_dependence] :: I find people who make the path clearer.
42,allies,6,initiation,I ask for help without collapsing my self-respect.,core,core,mentorship_vs_dependence,[act=initiation | stage=allies | spoke=6 | source=core | workstream=core | psych_axis=mentorship_vs_dependence] :: I ask for help without collapsing my self-respect.
43,allies,6,initiation,I learn from mentors but keep my own compass.,core,core,mentorship_vs_dependence,[act=initiation | stage=allies | spoke=6 | source=core | workstream=core | psych_axis=mentorship_vs_dependence] :: I learn from mentors but keep my own compass.
44,allies,6,initiation,I let supportive people amplify my momentum.,core,core,mentorship_vs_dependence,[act=initiation | stage=allies | spoke=6 | source=core | workstream=core | psych_axis=mentorship_vs_dependence] :: I let supportive people amplify my momentum.
45,allies,6,initiation,I collaborate without surrendering my agency.,core,core,mentorship_vs_dependence,[act=initiation | stage=allies | spoke=6 | source=core | workstream=core | psych_axis=mentorship_vs_dependence] :: I collaborate without surrendering my agency.
46,allies,6,initiation,I accept guidance while owning the decisions.,core,core,mentorship_vs_dependence,[act=initiation | stage=allies | spoke=6 | source=core | workstream=core | psych_axis=mentorship_vs_dependence] :: I accept guidance while owning the decisions.
47,allies,6,initiation,I join a community that raises my standards.,core,core,mentorship_vs_dependence,[act=initiation | stage=allies | spoke=6 | source=core | workstream=core | psych_axis=mentorship_vs_dependence] :: I join a community that raises my standards.
48,allies,6,initiation,I build tools that help me think better.,core,core,mentorship_vs_dependence,[act=initiation | stage=allies | spoke=6 | source=core | workstream=core | psych_axis=mentorship_vs_dependence] :: I build tools that help me think better.
49,allies,6,initiation,"I surround myself with builders, not spectators.",core,core,mentorship_vs_dependence,"[act=initiation | stage=allies | spoke=6 | source=core | workstream=core | psych_axis=mentorship_vs_dependence] :: I surround myself with builders, not spectators."
50,allies,6,initiation,I choose environments that match the man I'm becoming.,core,core,mentorship_vs_dependence,[act=initiation | stage=allies | spoke=6 | source=core | workstream=core | psych_axis=mentorship_vs_dependence] :: I choose environments that match the man I'm becoming.
51,approach,7,initiation,I simplify the plan until it's executable.,core,core,chaos_vs_structure,[act=initiation | stage=approach | spoke=7 | source=core | workstream=core | psych_axis=chaos_vs_structure] :: I simplify the plan until it's executable.
52,approach,7,initiation,I focus on the one constraint that unlocks progress.,core,core,chaos_vs_structure,[act=initiation | stage=approach | spoke=7 | source=core | workstream=core | psych_axis=chaos_vs_structure] :: I focus on the one constraint that unlocks progress.
53,approach,7,initiation,I remove distractions that keep me fragmented.,core,core,chaos_vs_structure,[act=initiation | stage=approach | spoke=7 | source=core | workstream=core | psych_axis=chaos_vs_structure] :: I remove distractions that keep me fragmented.
54,approach,7,initiation,I choose a single direction and allocate energy to it.,core,core,chaos_vs_structure,[act=initiation | stage=approach | spoke=7 | source=core | workstream=core | psych_axis=chaos_vs_structure] :: I choose a single direction and allocate energy to it.
55,approach,7,initiation,I structure my day so the important work happens first.,core,core,chaos_vs_structure,[act=initiation | stage=approach | spoke=7 | source=core | workstream=core | psych_axis=chaos_vs_structure] :: I structure my day so the important work happens first.
56,approach,7,initiation,I stop seeking intensity and start seeking consistency.,core,core,chaos_vs_structure,[act=initiation | stage=approach | spoke=7 | source=core | workstream=core | psych_axis=chaos_vs_structure] :: I stop seeking intensity and start seeking consistency.
57,approach,7,initiation,"I measure progress with outputs, not feelings.",core,core,chaos_vs_structure,"[act=initiation | stage=approach | spoke=7 | source=core | workstream=core | psych_axis=chaos_vs_structure] :: I measure progress with outputs, not feelings."
58,approach,7,initiation,I decide what 'done' looks like before I begin.,core,core,chaos_vs_structure,[act=initiation | stage=approach | spoke=7 | source=core | workstream=core | psych_axis=chaos_vs_structure] :: I decide what 'done' looks like before I begin.
59,approach,7,initiation,I create a repeatable workflow instead of improvising daily.,core,core,chaos_vs_structure,[act=initiation | stage=approach | spoke=7 | source=core | workstream=core | psych_axis=chaos_vs_structure] :: I create a repeatable workflow instead of improvising daily.
60,approach,7,initiation,I move from ambition to implementation.,core,core,chaos_vs_structure,[act=initiation | stage=approach | spoke=7 | source=core | workstream=core | psych_axis=chaos_vs_structure] :: I move from ambition to implementation.
61,ordeal,8,initiation,Everything falls apart and I learn what matters.,core,core,comfort_vs_truth,[act=initiation | stage=ordeal | spoke=8 | source=core | workstream=core | psych_axis=comfort_vs_truth] :: Everything falls apart and I learn what matters.
62,ordeal,8,initiation,I face the part of me that wants to self-sabotage.,core,core,comfort_vs_truth,[act=initiation | stage=ordeal | spoke=8 | source=core | workstream=core | psych_axis=comfort_vs_truth] :: I face the part of me that wants to self-sabotage.
63,ordeal,8,initiation,I hit a low and choose not to abandon myself.,core,core,comfort_vs_truth,[act=initiation | stage=ordeal | spoke=8 | source=core | workstream=core | psych_axis=comfort_vs_truth] :: I hit a low and choose not to abandon myself.
64,ordeal,8,initiation,I confront shame without letting it steer.,core,core,comfort_vs_truth,[act=initiation | stage=ordeal | spoke=8 | source=core | workstream=core | psych_axis=comfort_vs_truth] :: I confront shame without letting it steer.
65,ordeal,8,initiation,I stop outsourcing my worth and stand on my own.,core,core,comfort_vs_truth,[act=initiation | stage=ordeal | spoke=8 | source=core | workstream=core | psych_axis=comfort_vs_truth] :: I stop outsourcing my worth and stand on my own.
66,ordeal,8,initiation,I tolerate discomfort long enough for it to transform.,core,core,comfort_vs_truth,[act=initiation | stage=ordeal | spoke=8 | source=core | workstream=core | psych_axis=comfort_vs_truth] :: I tolerate discomfort long enough for it to transform.
67,ordeal,8,initiation,I feel grief and keep moving forward.,core,core,comfort_vs_truth,[act=initiation | stage=ordeal | spoke=8 | source=core | workstream=core | psych_axis=comfort_vs_truth] :: I feel grief and keep moving forward.
68,ordeal,8,initiation,I accept the cost of growth instead of resenting it.,core,core,comfort_vs_truth,[act=initiation | stage=ordeal | spoke=8 | source=core | workstream=core | psych_axis=comfort_vs_truth] :: I accept the cost of growth instead of resenting it.
69,ordeal,8,initiation,I let old identities die so new ones can form.,core,core,comfort_vs_truth,[act=initiation | stage=ordeal | spoke=8 | source=core | workstream=core | psych_axis=comfort_vs_truth] :: I let old identities die so new ones can form.
70,ordeal,8,initiation,I discover that I can endure more than I thought.,core,core,comfort_vs_truth,[act=initiation | stage=ordeal | spoke=8 | source=core | workstream=core | psych_axis=comfort_vs_truth] :: I discover that I can endure more than I thought.
71,reward,9,initiation,I get a win that proves the work is real.,core,core,practice_vs_fantasy,[act=initiation | stage=reward | spoke=9 | source=core | workstream=core | psych_axis=practice_vs_fantasy] :: I get a win that proves the work is real.
72,reward,9,initiation,I see evidence: the system is producing results.,core,core,practice_vs_fantasy,[act=initiation | stage=reward | spoke=9 | source=core | workstream=core | psych_axis=practice_vs_fantasy] :: I see evidence: the system is producing results.
73,reward,9,initiation,I feel pride without needing anyone else to validate it.,core,core,practice_vs_fantasy,[act=initiation | stage=reward | spoke=9 | source=core | workstream=core | psych_axis=practice_vs_fantasy] :: I feel pride without needing anyone else to validate it.
74,reward,9,initiation,I notice I'm calmer because I'm aligned.,core,core,practice_vs_fantasy,[act=initiation | stage=reward | spoke=9 | source=core | workstream=core | psych_axis=practice_vs_fantasy] :: I notice I'm calmer because I'm aligned.
75,reward,9,initiation,I earn confidence through repetition.,core,core,practice_vs_fantasy,[act=initiation | stage=reward | spoke=9 | source=core | workstream=core | psych_axis=practice_vs_fantasy] :: I earn confidence through repetition.
76,reward,9,initiation,"I experience competence: I can build, test, ship.",core,core,practice_vs_fantasy,"[act=initiation | stage=reward | spoke=9 | source=core | workstream=core | psych_axis=practice_vs_fantasy] :: I experience competence: I can build, test, ship."
77,reward,9,initiation,I feel power that comes from integrity.,core,core,practice_vs_fantasy,[act=initiation | stage=reward | spoke=9 | source=core | workstream=core | psych_axis=practice_vs_fantasy] :: I feel power that comes from integrity.
78,reward,9,initiation,I recognize that I am becoming reliable to myself.,core,core,practice_vs_fantasy,[act=initiation | stage=reward | spoke=9 | source=core | workstream=core | psych_axis=practice_vs_fantasy] :: I recognize that I am becoming reliable to myself.
79,reward,9,initiation,I enjoy the quiet satisfaction of progress.,core,core,practice_vs_fantasy,[act=initiation | stage=reward | spoke=9 | source=core | workstream=core | psych_axis=practice_vs_fantasy] :: I enjoy the quiet satisfaction of progress.
80,reward,9,initiation,I see that my future is being built by my habits.,core,core,practice_vs_fantasy,[act=initiation | stage=reward | spoke=9 | source=core | workstream=core | psych_axis=practice_vs_fantasy] :: I see that my future is being built by my habits.
81,return,10,return,I bring what I've learned back into daily life.,core,core,practice_vs_fantasy,[act=return | stage=return | spoke=10 | source=core | workstream=core | psych_axis=practice_vs_fantasy] :: I bring what I've learned back into daily life.
82,return,10,return,I stop treating growth as a phase and make it a baseline.,core,core,practice_vs_fantasy,[act=return | stage=return | spoke=10 | source=core | workstream=core | psych_axis=practice_vs_fantasy] :: I stop treating growth as a phase and make it a baseline.
83,return,10,return,"I integrate the lessons into how I work, love, and live.",core,core,practice_vs_fantasy,"[act=return | stage=return | spoke=10 | source=core | workstream=core | psych_axis=practice_vs_fantasy] :: I integrate the lessons into how I work, love, and live."
84,return,10,return,I share the framework in a way that helps others.,core,core,practice_vs_fantasy,[act=return | stage=return | spoke=10 | source=core | workstream=core | psych_axis=practice_vs_fantasy] :: I share the framework in a way that helps others.
85,return,10,return,I turn the insights into a practical tool.,core,core,practice_vs_fantasy,[act=return | stage=return | spoke=10 | source=core | workstream=core | psych_axis=practice_vs_fantasy] :: I turn the insights into a practical tool.
86,return,10,return,I keep the standards even when no one is watching.,core,core,practice_vs_fantasy,[act=return | stage=return | spoke=10 | source=core | workstream=core | psych_axis=practice_vs_fantasy] :: I keep the standards even when no one is watching.
87,return,10,return,I choose long-term alignment over short-term comfort.,core,core,practice_vs_fantasy,[act=return | stage=return | spoke=10 | source=core | workstream=core | psych_axis=practice_vs_fantasy] :: I choose long-term alignment over short-term comfort.
88,return,10,return,I refine the system so it survives busy weeks.,core,core,practice_vs_fantasy,[act=return | stage=return | spoke=10 | source=core | workstream=core | psych_axis=practice_vs_fantasy] :: I refine the system so it survives busy weeks.
89,return,10,return,I build a life that matches the man I claim to be.,core,core,practice_vs_fantasy,[act=return | stage=return | spoke=10 | source=core | workstream=core | psych_axis=practice_vs_fantasy] :: I build a life that matches the man I claim to be.
90,return,10,return,I act like the future is already underway.,core,core,practice_vs_fantasy,[act=return | stage=return | spoke=10 | source=core | workstream=core | psych_axis=practice_vs_fantasy] :: I act like the future is already underway.
91,integration,11,return,I stop performing and start listening to myself.,core,core,numbness_vs_presence,[act=return | stage=integration | spoke=11 | source=core | workstream=core | psych_axis=numbness_vs_presence] :: I stop performing and start listening to myself.
92,integration,11,return,I can feel the difference between ego and instinct.,core,core,numbness_vs_presence,[act=return | stage=integration | spoke=11 | source=core | workstream=core | psych_axis=numbness_vs_presence] :: I can feel the difference between ego and instinct.
93,integration,11,return,I respond instead of react.,core,core,numbness_vs_presence,[act=return | stage=integration | spoke=11 | source=core | workstream=core | psych_axis=numbness_vs_presence] :: I respond instead of react.
94,integration,11,return,I let my body lead when my mind spirals.,core,core,numbness_vs_presence,[act=return | stage=integration | spoke=11 | source=core | workstream=core | psych_axis=numbness_vs_presence] :: I let my body lead when my mind spirals.
95,integration,11,return,"I treat emotions as signals, not commands.",core,core,numbness_vs_presence,"[act=return | stage=integration | spoke=11 | source=core | workstream=core | psych_axis=numbness_vs_presence] :: I treat emotions as signals, not commands."
96,integration,11,return,I hold boundaries without hostility.,core,core,numbness_vs_presence,[act=return | stage=integration | spoke=11 | source=core | workstream=core | psych_axis=numbness_vs_presence] :: I hold boundaries without hostility.
97,integration,11,return,I choose presence over tactics.,core,core,numbness_vs_presence,[act=return | stage=integration | spoke=11 | source=core | workstream=core | psych_axis=numbness_vs_presence] :: I choose presence over tactics.
98,integration,11,return,I trust myself more because I keep promises to myself.,core,core,numbness_vs_presence,[act=return | stage=integration | spoke=11 | source=core | workstream=core | psych_axis=numbness_vs_presence] :: I trust myself more because I keep promises to myself.
99,integration,11,return,I can be intense without being compulsive.,core,core,numbness_vs_presence,[act=return | stage=integration | spoke=11 | source=core | workstream=core | psych_axis=numbness_vs_presence] :: I can be intense without being compulsive.
100,integration,11,return,I become congruent: my values and actions match.,core,core,numbness_vs_presence,[act=return | stage=integration | spoke=11 | source=core | workstream=core | psych_axis=numbness_vs_presence] :: I become congruent: my values and actions match.
101,elixir,12,return,I return with something useful for others.,core,core,practice_vs_fantasy,[act=return | stage=elixir | spoke=12 | source=core | workstream=core | psych_axis=practice_vs_fantasy] :: I return with something useful for others.
102,elixir,12,return,I turn my story into a tool someone else can use.,core,core,image_vs_integrity,[act=return | stage=elixir | spoke=12 | source=core | workstream=core | psych_axis=image_vs_integrity] :: I turn my story into a tool someone else can use.
103,elixir,12,return,I explain the path without pretending it's easy.,core,core,fear_vs_action,[act=return | stage=elixir | spoke=12 | source=core | workstream=core | psych_axis=fear_vs_action] :: I explain the path without pretending it's easy.
104,elixir,12,return,"I teach what I practiced, not what I fantasized.",core,core,control_vs_autonomy,"[act=return | stage=elixir | spoke=12 | source=core | workstream=core | psych_axis=control_vs_autonomy] :: I teach what I practiced, not what I fantasized."
105,elixir,12,return,"I build artifacts—code, notes, systems—that outlast moods.",core,core,practice_vs_fantasy,"[act=return | stage=elixir | spoke=12 | source=core | workstream=core | psych_axis=practice_vs_fantasy] :: I build artifacts—code, notes, systems—that outlast moods."
106,elixir,12,return,I model grounded confidence instead of selling hype.,core,core,chaos_vs_structure,[act=return | stage=elixir | spoke=12 | source=core | workstream=core | psych_axis=chaos_vs_structure] :: I model grounded confidence instead of selling hype.
107,elixir,12,return,I help others cross their threshold with clarity.,core,core,ego_vs_service,[act=return | stage=elixir | spoke=12 | source=core | workstream=core | psych_axis=ego_vs_service] :: I help others cross their threshold with clarity.
108,elixir,12,return,I contribute work that proves my competence.,core,core,domination_vs_compassion,[act=return | stage=elixir | spoke=12 | source=core | workstream=core | psych_axis=domination_vs_compassion] :: I contribute work that proves my competence.
109,elixir,12,return,I share the map while honoring each person's journey.,core,core,certainty_vs_trust,[act=return | stage=elixir | spoke=12 | source=core | workstream=core | psych_axis=certainty_vs_trust] :: I share the map while honoring each person's journey.
110,elixir,12,return,I leave something behind that makes the world slightly better.,core,core,image_vs_integrity,[act=return | stage=elixir | spoke=12 | source=core | workstream=core | psych_axis=image_vs_integrity] :: I leave something behind that makes the world slightly better.
111,refusal,3,departure,"I sense the world is staged, but I can’t yet name what’s wrong.",matrix,story,projection_vs_ownership,"[act=departure | stage=refusal | spoke=3 | source=matrix | workstream=story | psych_axis=projection_vs_ownership] :: I sense the world is staged, but I can’t yet name what’s wrong."
112,call,2,departure,"A stranger offers a choice: comfort in the story, or truth with consequences.",matrix,story,fear_vs_action,"[act=departure | stage=call | spoke=2 | source=matrix | workstream=story | psych_axis=fear_vs_action] :: A stranger offers a choice: comfort in the story, or truth with consequences."
113,threshold,5,departure,I choose the red pill: I’d rather know than cope.,matrix,story,attachment_vs_love,[act=departure | stage=threshold | spoke=5 | source=matrix | workstream=story | psych_axis=attachment_vs_love] :: I choose the red pill: I’d rather know than cope.
114,threshold,5,departure,The old reality breaks; I realize I was living inside an operating system.,matrix,story,practice_vs_fantasy,[act=departure | stage=threshold | spoke=5 | source=matrix | workstream=story | psych_axis=practice_vs_fantasy] :: The old reality breaks; I realize I was living inside an operating system.
115,tests,6,initiation,I accept that freedom feels like fear at first.,matrix,story,control_vs_autonomy,[act=initiation | stage=tests | spoke=6 | source=matrix | workstream=story | psych_axis=control_vs_autonomy] :: I accept that freedom feels like fear at first.
116,tests,6,initiation,I train daily: repetition turns chaos into skill.,matrix,story,ego_vs_discipline,[act=initiation | stage=tests | spoke=6 | source=matrix | workstream=story | psych_axis=ego_vs_discipline] :: I train daily: repetition turns chaos into skill.
117,tests,6,initiation,I meet resistance that wants me asleep; I stop negotiating with it.,matrix,story,image_vs_integrity,[act=initiation | stage=tests | spoke=6 | source=matrix | workstream=story | psych_axis=image_vs_integrity] :: I meet resistance that wants me asleep; I stop negotiating with it.
118,tests,6,initiation,"I learn to read the code: patterns, incentives, and hidden rules.",matrix,story,ego_vs_service,"[act=initiation | stage=tests | spoke=6 | source=matrix | workstream=story | psych_axis=ego_vs_service] :: I learn to read the code: patterns, incentives, and hidden rules."
119,approach,7,initiation,I stop asking ‘am I ready?’ and start asking ‘what’s the next move?’,matrix,story,comfort_vs_truth,[act=initiation | stage=approach | spoke=7 | source=matrix | workstream=story | psych_axis=comfort_vs_truth] :: I stop asking ‘am I ready?’ and start asking ‘what’s the next move?’
120,integration,11,return,I become the kind of person who can hold truth without collapsing.,matrix,story,numbness_vs_presence,[act=return | stage=integration | spoke=11 | source=matrix | workstream=story | psych_axis=numbness_vs_presence] :: I become the kind of person who can hold truth without collapsing.
121,refusal,3,departure,I feel numb in a life that looks fine on paper.,fight_club,story,fear_vs_action,[act=departure | stage=refusal | spoke=3 | source=fight_club | workstream=story | psych_axis=fear_vs_action] :: I feel numb in a life that looks fine on paper.
122,refusal,3,departure,I notice I’m buying an identity instead of building one.,fight_club,story,image_vs_integrity,[act=departure | stage=refusal | spoke=3 | source=fight_club | workstream=story | psych_axis=image_vs_integrity] :: I notice I’m buying an identity instead of building one.
123,call,2,departure,I meet a shadow-teacher: the part of me that refuses to be domesticated.,fight_club,story,practice_vs_fantasy,[act=departure | stage=call | spoke=2 | source=fight_club | workstream=story | psych_axis=practice_vs_fantasy] :: I meet a shadow-teacher: the part of me that refuses to be domesticated.
124,threshold,5,departure,I choose pain over numbness; sensation becomes a doorway back to myself.,fight_club,story,projection_vs_ownership,[act=departure | stage=threshold | spoke=5 | source=fight_club | workstream=story | psych_axis=projection_vs_ownership] :: I choose pain over numbness; sensation becomes a doorway back to myself.
125,tests,6,initiation,I learn the difference between performance and presence.,fight_club,story,ego_vs_discipline,[act=initiation | stage=tests | spoke=6 | source=fight_club | workstream=story | psych_axis=ego_vs_discipline] :: I learn the difference between performance and presence.
126,tests,6,initiation,"I stop outsourcing my meaning to approval, status, or romance.",fight_club,story,control_vs_autonomy,"[act=initiation | stage=tests | spoke=6 | source=fight_club | workstream=story | psych_axis=control_vs_autonomy] :: I stop outsourcing my meaning to approval, status, or romance."
127,ordeal,8,initiation,I face the split inside: the actor vs the one who actually wants.,fight_club,story,domination_vs_compassion,[act=initiation | stage=ordeal | spoke=8 | source=fight_club | workstream=story | psych_axis=domination_vs_compassion] :: I face the split inside: the actor vs the one who actually wants.
128,integration,11,return,I take responsibility for my shadow instead of letting it run the show.,fight_club,story,certainty_vs_trust,[act=return | stage=integration | spoke=11 | source=fight_club | workstream=story | psych_axis=certainty_vs_trust] :: I take responsibility for my shadow instead of letting it run the show.
129,approach,7,initiation,"I build discipline: small acts of integrity, repeated, become identity.",fight_club,story,image_vs_integrity,"[act=initiation | stage=approach | spoke=7 | source=fight_club | workstream=story | psych_axis=image_vs_integrity] :: I build discipline: small acts of integrity, repeated, become identity."
130,return,10,return,I choose creation over destruction: rebuild the self without burning the world.,fight_club,story,practice_vs_fantasy,[act=return | stage=return | spoke=10 | source=fight_club | workstream=story | psych_axis=practice_vs_fantasy] :: I choose creation over destruction: rebuild the self without burning the world.
131,refusal,3,departure,"I inherit a story about who I am, and it doesn’t fit anymore.",kingdom_of_heaven,story,attachment_vs_love,"[act=departure | stage=refusal | spoke=3 | source=kingdom_of_heaven | workstream=story | psych_axis=attachment_vs_love] :: I inherit a story about who I am, and it doesn’t fit anymore."
132,call,2,departure,A mentor calls me to a higher standard: ‘be better than your past.’,kingdom_of_heaven,story,numbness_vs_presence,[act=departure | stage=call | spoke=2 | source=kingdom_of_heaven | workstream=story | psych_axis=numbness_vs_presence] :: A mentor calls me to a higher standard: ‘be better than your past.’
133,threshold,5,departure,I leave the familiar to pursue a harder kind of honor.,kingdom_of_heaven,story,ego_vs_service,[act=departure | stage=threshold | spoke=5 | source=kingdom_of_heaven | workstream=story | psych_axis=ego_vs_service] :: I leave the familiar to pursue a harder kind of honor.
134,allies,6,initiation,"I learn leadership is service, not dominance.",kingdom_of_heaven,story,image_vs_integrity,"[act=initiation | stage=allies | spoke=6 | source=kingdom_of_heaven | workstream=story | psych_axis=image_vs_integrity] :: I learn leadership is service, not dominance."
135,ordeal,8,initiation,I hold the line when fear says run.,kingdom_of_heaven,story,fear_vs_action,[act=initiation | stage=ordeal | spoke=8 | source=kingdom_of_heaven | workstream=story | psych_axis=fear_vs_action] :: I hold the line when fear says run.
136,integration,11,return,"I choose mercy over ego, even when it costs me.",kingdom_of_heaven,story,chaos_vs_structure,"[act=return | stage=integration | spoke=11 | source=kingdom_of_heaven | workstream=story | psych_axis=chaos_vs_structure] :: I choose mercy over ego, even when it costs me."
137,reward,9,initiation,I protect people who can’t protect themselves; my values become real.,kingdom_of_heaven,story,mentorship_vs_dependence,[act=initiation | stage=reward | spoke=9 | source=kingdom_of_heaven | workstream=story | psych_axis=mentorship_vs_dependence] :: I protect people who can’t protect themselves; my values become real.
138,tests,6,initiation,I negotiate with power without selling my soul.,kingdom_of_heaven,story,domination_vs_compassion,[act=initiation | stage=tests | spoke=6 | source=kingdom_of_heaven | workstream=story | psych_axis=domination_vs_compassion] :: I negotiate with power without selling my soul.
139,ordeal,8,initiation,I accept loss without losing my integrity.,kingdom_of_heaven,story,projection_vs_ownership,[act=initiation | stage=ordeal | spoke=8 | source=kingdom_of_heaven | workstream=story | psych_axis=projection_vs_ownership] :: I accept loss without losing my integrity.
140,return,10,return,"I return changed: not a legend, but a man who keeps his vow.",kingdom_of_heaven,story,practice_vs_fantasy,"[act=return | stage=return | spoke=10 | source=kingdom_of_heaven | workstream=story | psych_axis=practice_vs_fantasy] :: I return changed: not a legend, but a man who keeps his vow."
141,refusal,3,departure,"I sense the set is too perfect, but I keep smiling for the cameras.",truman,story,image_vs_integrity,"[act=departure | stage=refusal | spoke=3 | source=truman | workstream=story | psych_axis=image_vs_integrity] :: I sense the set is too perfect, but I keep smiling for the cameras."
142,call,2,departure,A crack appears in the world; I can’t unsee that my life might be staged.,truman,story,certainty_vs_trust,[act=departure | stage=call | spoke=2 | source=truman | workstream=story | psych_axis=certainty_vs_trust] :: A crack appears in the world; I can’t unsee that my life might be staged.
143,threshold,5,departure,I test the boundaries of the script and choose truth over comfort.,truman,story,control_vs_autonomy,[act=departure | stage=threshold | spoke=5 | source=truman | workstream=story | psych_axis=control_vs_autonomy] :: I test the boundaries of the script and choose truth over comfort.
144,tests,6,initiation,The system pushes back; I learn that freedom requires sustained courage.,truman,story,ego_vs_discipline,[act=initiation | stage=tests | spoke=6 | source=truman | workstream=story | psych_axis=ego_vs_discipline] :: The system pushes back; I learn that freedom requires sustained courage.
145,approach,7,initiation,I stop asking for permission and start planning my exit with calm precision.,truman,story,comfort_vs_truth,[act=initiation | stage=approach | spoke=7 | source=truman | workstream=story | psych_axis=comfort_vs_truth] :: I stop asking for permission and start planning my exit with calm precision.
146,ordeal,8,initiation,I face the fear designed to keep me small and walk through it anyway.,truman,story,image_vs_integrity,[act=initiation | stage=ordeal | spoke=8 | source=truman | workstream=story | psych_axis=image_vs_integrity] :: I face the fear designed to keep me small and walk through it anyway.
147,return,10,return,"I step into the unknown: no applause, just a real life I choose.",truman,story,practice_vs_fantasy,"[act=return | stage=return | spoke=10 | source=truman | workstream=story | psych_axis=practice_vs_fantasy] :: I step into the unknown: no applause, just a real life I choose."
148,refusal,3,departure,"I tell myself it’s just a dream, because doubt is safer than responsibility.",inception,story,fear_vs_action,"[act=departure | stage=refusal | spoke=3 | source=inception | workstream=story | psych_axis=fear_vs_action] :: I tell myself it’s just a dream, because doubt is safer than responsibility."
149,call,2,departure,A mission appears: plant an idea that could change everything.,inception,story,domination_vs_compassion,[act=departure | stage=call | spoke=2 | source=inception | workstream=story | psych_axis=domination_vs_compassion] :: A mission appears: plant an idea that could change everything.
150,threshold,5,departure,"I accept the deeper layer: to build reality, I must face my own mind.",inception,story,ego_vs_service,"[act=departure | stage=threshold | spoke=5 | source=inception | workstream=story | psych_axis=ego_vs_service] :: I accept the deeper layer: to build reality, I must face my own mind."
151,tests,6,initiation,I run drills in layers of pressure; skill replaces panic.,inception,story,projection_vs_ownership,[act=initiation | stage=tests | spoke=6 | source=inception | workstream=story | psych_axis=projection_vs_ownership] :: I run drills in layers of pressure; skill replaces panic.
152,allies,6,initiation,I assemble a team where each strength covers another’s weakness.,inception,story,numbness_vs_presence,[act=initiation | stage=allies | spoke=6 | source=inception | workstream=story | psych_axis=numbness_vs_presence] :: I assemble a team where each strength covers another’s weakness.
153,approach,7,initiation,I design the plan down to the timing: structure becomes sanity.,inception,story,attachment_vs_love,[act=initiation | stage=approach | spoke=7 | source=inception | workstream=story | psych_axis=attachment_vs_love] :: I design the plan down to the timing: structure becomes sanity.
154,ordeal,8,initiation,I confront the memory that sabotages me and refuse to let it steer.,inception,story,image_vs_integrity,[act=initiation | stage=ordeal | spoke=8 | source=inception | workstream=story | psych_axis=image_vs_integrity] :: I confront the memory that sabotages me and refuse to let it steer.
155,integration,11,return,"I choose a grounded inner compass: I can’t control reality, but I can choose integrity.",inception,story,practice_vs_fantasy,"[act=return | stage=integration | spoke=11 | source=inception | workstream=story | psych_axis=practice_vs_fantasy] :: I choose a grounded inner compass: I can’t control reality, but I can choose integrity."
156,return,10,return,"I come back changed: less attached to certainty, more committed to what I build.",inception,story,ego_vs_discipline,"[act=return | stage=return | spoke=10 | source=inception | workstream=story | psych_axis=ego_vs_discipline] :: I come back changed: less attached to certainty, more committed to what I build."
157,refusal,3,departure,"I play along with the story I’m sold, even when it smells like rot.",la_confidential,story,control_vs_autonomy,"[act=departure | stage=refusal | spoke=3 | source=la_confidential | workstream=story | psych_axis=control_vs_autonomy] :: I play along with the story I’m sold, even when it smells like rot."
158,call,2,departure,I see the corruption behind the badge; the truth demands a price.,la_confidential,story,certainty_vs_trust,[act=departure | stage=call | spoke=2 | source=la_confidential | workstream=story | psych_axis=certainty_vs_trust] :: I see the corruption behind the badge; the truth demands a price.
159,threshold,5,departure,I stop performing loyalty and start investigating what power hides.,la_confidential,story,fear_vs_action,[act=departure | stage=threshold | spoke=5 | source=la_confidential | workstream=story | psych_axis=fear_vs_action] :: I stop performing loyalty and start investigating what power hides.
160,tests,6,initiation,Every clue creates enemies; I learn to move quietly and verify everything.,la_confidential,story,domination_vs_compassion,[act=initiation | stage=tests | spoke=6 | source=la_confidential | workstream=story | psych_axis=domination_vs_compassion] :: Every clue creates enemies; I learn to move quietly and verify everything.
161,allies,6,initiation,I find unlikely partners: integrity can be shared even among rivals.,la_confidential,story,ego_vs_service,[act=initiation | stage=allies | spoke=6 | source=la_confidential | workstream=story | psych_axis=ego_vs_service] :: I find unlikely partners: integrity can be shared even among rivals.
162,ordeal,8,initiation,"I face the cost of truth: reputation, safety, and the comfort of lies.",la_confidential,story,image_vs_integrity,"[act=initiation | stage=ordeal | spoke=8 | source=la_confidential | workstream=story | psych_axis=image_vs_integrity] :: I face the cost of truth: reputation, safety, and the comfort of lies."
163,reward,9,initiation,The pattern snaps into focus; I can finally name what’s really happening.,la_confidential,story,practice_vs_fantasy,[act=initiation | stage=reward | spoke=9 | source=la_confidential | workstream=story | psych_axis=practice_vs_fantasy] :: The pattern snaps into focus; I can finally name what’s really happening.
164,return,10,return,I choose justice over image and walk forward with my conscience intact.,la_confidential,story,projection_vs_ownership,[act=return | stage=return | spoke=10 | source=la_confidential | workstream=story | psych_axis=projection_vs_ownership] :: I choose justice over image and walk forward with my conscience intact.
165,refusal,3,departure,I cling to ordinary rules because wonder feels like losing control.,alice,story,numbness_vs_presence,[act=departure | stage=refusal | spoke=3 | source=alice | workstream=story | psych_axis=numbness_vs_presence] :: I cling to ordinary rules because wonder feels like losing control.
166,call,2,departure,I follow the impossible: curiosity becomes the doorway.,alice,story,comfort_vs_truth,[act=departure | stage=call | spoke=2 | source=alice | workstream=story | psych_axis=comfort_vs_truth] :: I follow the impossible: curiosity becomes the doorway.
167,threshold,5,departure,I fall into the unknown and let the old map dissolve.,alice,story,ego_vs_discipline,[act=departure | stage=threshold | spoke=5 | source=alice | workstream=story | psych_axis=ego_vs_discipline] :: I fall into the unknown and let the old map dissolve.
168,tests,6,initiation,Nothing behaves ‘properly’; I learn to adapt instead of argue.,alice,story,control_vs_autonomy,[act=initiation | stage=tests | spoke=6 | source=alice | workstream=story | psych_axis=control_vs_autonomy] :: Nothing behaves ‘properly’; I learn to adapt instead of argue.
169,allies,6,initiation,I meet strange guides and realize wisdom can look eccentric.,alice,story,attachment_vs_love,[act=initiation | stage=allies | spoke=6 | source=alice | workstream=story | psych_axis=attachment_vs_love] :: I meet strange guides and realize wisdom can look eccentric.
170,ordeal,8,initiation,I face the part of me that doubts my right to take up space.,alice,story,practice_vs_fantasy,[act=initiation | stage=ordeal | spoke=8 | source=alice | workstream=story | psych_axis=practice_vs_fantasy] :: I face the part of me that doubts my right to take up space.
171,integration,11,return,"I remember who I am: not the role, but the chooser.",alice,story,image_vs_integrity,"[act=return | stage=integration | spoke=11 | source=alice | workstream=story | psych_axis=image_vs_integrity] :: I remember who I am: not the role, but the chooser."
172,return,10,return,I carry wonder back to the real world and act with more courage.,alice,story,fear_vs_action,[act=return | stage=return | spoke=10 | source=alice | workstream=story | psych_axis=fear_vs_action] :: I carry wonder back to the real world and act with more courage.
173,refusal,3,departure,I stay in sepia comfort because color feels too big for me.,oz,story,domination_vs_compassion,[act=departure | stage=refusal | spoke=3 | source=oz | workstream=story | psych_axis=domination_vs_compassion] :: I stay in sepia comfort because color feels too big for me.
174,call,2,departure,A storm lifts me: life interrupts my plan and offers an adventure.,oz,story,ego_vs_service,[act=departure | stage=call | spoke=2 | source=oz | workstream=story | psych_axis=ego_vs_service] :: A storm lifts me: life interrupts my plan and offers an adventure.
175,threshold,5,departure,I arrive in a strange land and realize I must walk the road myself.,oz,story,projection_vs_ownership,[act=departure | stage=threshold | spoke=5 | source=oz | workstream=story | psych_axis=projection_vs_ownership] :: I arrive in a strange land and realize I must walk the road myself.
176,allies,6,initiation,I gather companions; each of us wants what we think we lack.,oz,story,chaos_vs_structure,[act=initiation | stage=allies | spoke=6 | source=oz | workstream=story | psych_axis=chaos_vs_structure] :: I gather companions; each of us wants what we think we lack.
177,tests,6,initiation,We face tricks and threats that test whether we’ll quit or keep moving.,oz,story,practice_vs_fantasy,[act=initiation | stage=tests | spoke=6 | source=oz | workstream=story | psych_axis=practice_vs_fantasy] :: We face tricks and threats that test whether we’ll quit or keep moving.
178,ordeal,8,initiation,"The illusion shatters: the ‘wizard’ is just a man, and I must own my power.",oz,story,certainty_vs_trust,"[act=initiation | stage=ordeal | spoke=8 | source=oz | workstream=story | psych_axis=certainty_vs_trust] :: The illusion shatters: the ‘wizard’ is just a man, and I must own my power."
179,integration,11,return,"I learn the gift was always within: heart, courage, mind, and home.",oz,story,image_vs_integrity,"[act=return | stage=integration | spoke=11 | source=oz | workstream=story | psych_axis=image_vs_integrity] :: I learn the gift was always within: heart, courage, mind, and home."
180,return,10,return,I go back with a new lens: I can choose my life without needing a savior.,oz,story,numbness_vs_presence,[act=return | stage=return | spoke=10 | source=oz | workstream=story | psych_axis=numbness_vs_presence] :: I go back with a new lens: I can choose my life without needing a savior.
181,allies,6,initiation,"The Hospitalier speaks calm courage into me: ‘When you stand before God, you cannot say you weren’t shown mercy.’",kingdom_of_heaven,story,attachment_vs_love,"[act=initiation | stage=allies | spoke=6 | source=kingdom_of_heaven | workstream=story | psych_axis=attachment_vs_love] :: The Hospitalier speaks calm courage into me: ‘When you stand before God, you cannot say you weren’t shown mercy.’"
182,tests,6,initiation,I watch the Hospitalier hold steady under chaos; I learn composure is a weapon.,kingdom_of_heaven,story,ego_vs_discipline,[act=initiation | stage=tests | spoke=6 | source=kingdom_of_heaven | workstream=story | psych_axis=ego_vs_discipline] :: I watch the Hospitalier hold steady under chaos; I learn composure is a weapon.
183,approach,7,initiation,"The Hospitalier reminds me: build the defense, not the legend—do the work that saves lives.",kingdom_of_heaven,story,control_vs_autonomy,"[act=initiation | stage=approach | spoke=7 | source=kingdom_of_heaven | workstream=story | psych_axis=control_vs_autonomy] :: The Hospitalier reminds me: build the defense, not the legend—do the work that saves lives."
184,ordeal,8,initiation,"In the darkest hour, the Hospitalier refuses despair; I borrow his steadiness to keep fighting.",kingdom_of_heaven,story,fear_vs_action,"[act=initiation | stage=ordeal | spoke=8 | source=kingdom_of_heaven | workstream=story | psych_axis=fear_vs_action] :: In the darkest hour, the Hospitalier refuses despair; I borrow his steadiness to keep fighting."
185,integration,11,return,"‘If God does not love you, how could you have done all these things that you have done?’—I let that land as permission to forgive myself.",kingdom_of_heaven,story,domination_vs_compassion,"[act=return | stage=integration | spoke=11 | source=kingdom_of_heaven | workstream=story | psych_axis=domination_vs_compassion] :: ‘If God does not love you, how could you have done all these things that you have done?’—I let that land as permission to forgive myself."
186,reward,9,initiation,"I feel a clean dignity: my actions were real, and that matters more than my doubts.",kingdom_of_heaven,story,image_vs_integrity,"[act=initiation | stage=reward | spoke=9 | source=kingdom_of_heaven | workstream=story | psych_axis=image_vs_integrity] :: I feel a clean dignity: my actions were real, and that matters more than my doubts."
187,return,10,return,"I carry the Hospitalier’s standard back with me: honor isn’t an emotion, it’s a practice.",kingdom_of_heaven,story,projection_vs_ownership,"[act=return | stage=return | spoke=10 | source=kingdom_of_heaven | workstream=story | psych_axis=projection_vs_ownership] :: I carry the Hospitalier’s standard back with me: honor isn’t an emotion, it’s a practice."
188,elixir,12,return,I pass on the lesson: mercy and discipline can coexist; you can be fierce without being cruel.,kingdom_of_heaven,story,practice_vs_fantasy,[act=return | stage=elixir | spoke=12 | source=kingdom_of_heaven | workstream=story | psych_axis=practice_vs_fantasy] :: I pass on the lesson: mercy and discipline can coexist; you can be fierce without being cruel.
189,refusal,3,departure,I tell myself the darkness is ‘just stories’—but I feel it watching from the edges.,WAKE,story,ego_vs_service,[act=departure | stage=refusal | spoke=3 | source=WAKE | workstream=story | psych_axis=ego_vs_service] :: I tell myself the darkness is ‘just stories’—but I feel it watching from the edges.
190,call,2,departure,"A message arrives from the deep: write, or be written by the nightmare.",WAKE,story,comfort_vs_truth,"[act=departure | stage=call | spoke=2 | source=WAKE | workstream=story | psych_axis=comfort_vs_truth] :: A message arrives from the deep: write, or be written by the nightmare."
191,threshold,5,departure,I step into the overlap—reality bends and I accept that the rules have changed.,WAKE,story,numbness_vs_presence,[act=departure | stage=threshold | spoke=5 | source=WAKE | workstream=story | psych_axis=numbness_vs_presence] :: I step into the overlap—reality bends and I accept that the rules have changed.
192,tests,6,initiation,"I learn to survive the loop: light, timing, and focus become my daily training.",WAKE,story,practice_vs_fantasy,"[act=initiation | stage=tests | spoke=6 | source=WAKE | workstream=story | psych_axis=practice_vs_fantasy] :: I learn to survive the loop: light, timing, and focus become my daily training."
193,tests,6,initiation,The story fights back; every attempt teaches me what the darkness exploits.,WAKE,story,image_vs_integrity,[act=initiation | stage=tests | spoke=6 | source=WAKE | workstream=story | psych_axis=image_vs_integrity] :: The story fights back; every attempt teaches me what the darkness exploits.
194,allies,6,initiation,I link up with others trapped in the same myth; we trade clues instead of coping alone.,WAKE,story,fear_vs_action,[act=initiation | stage=allies | spoke=6 | source=WAKE | workstream=story | psych_axis=fear_vs_action] :: I link up with others trapped in the same myth; we trade clues instead of coping alone.
195,approach,7,initiation,"I map the pattern: scenes, triggers, objectives—structure gives me a way through.",WAKE,story,domination_vs_compassion,"[act=initiation | stage=approach | spoke=7 | source=WAKE | workstream=story | psych_axis=domination_vs_compassion] :: I map the pattern: scenes, triggers, objectives—structure gives me a way through."
196,ordeal,8,initiation,I face the part of me that uses art as avoidance; I choose responsibility over romance with chaos.,WAKE,story,ego_vs_discipline,[act=initiation | stage=ordeal | spoke=8 | source=WAKE | workstream=story | psych_axis=ego_vs_discipline] :: I face the part of me that uses art as avoidance; I choose responsibility over romance with chaos.
197,ordeal,8,initiation,I confront the shadow that wears my face; I stop bargaining and name it.,WAKE,story,control_vs_autonomy,[act=initiation | stage=ordeal | spoke=8 | source=WAKE | workstream=story | psych_axis=control_vs_autonomy] :: I confront the shadow that wears my face; I stop bargaining and name it.
198,reward,9,initiation,A breakthrough: the narrative snaps—what felt random becomes readable.,WAKE,story,certainty_vs_trust,[act=initiation | stage=reward | spoke=9 | source=WAKE | workstream=story | psych_axis=certainty_vs_trust] :: A breakthrough: the narrative snaps—what felt random becomes readable.
199,return,10,return,"I bring the clarity back to daylight: I can’t control every frame, but I can choose the next line.",WAKE,story,attachment_vs_love,"[act=return | stage=return | spoke=10 | source=WAKE | workstream=story | psych_axis=attachment_vs_love] :: I bring the clarity back to daylight: I can’t control every frame, but I can choose the next line."
200,integration,11,return,I hold fear without letting it steer; presence becomes brighter than panic.,WAKE,story,numbness_vs_presence,[act=return | stage=integration | spoke=11 | source=WAKE | workstream=story | psych_axis=numbness_vs_presence] :: I hold fear without letting it steer; presence becomes brighter than panic.
201,elixir,12,return,"I turn the ordeal into a tool: writing as disciplined practice, not escapism.",WAKE,story,practice_vs_fantasy,"[act=return | stage=elixir | spoke=12 | source=WAKE | workstream=story | psych_axis=practice_vs_fantasy] :: I turn the ordeal into a tool: writing as disciplined practice, not escapism."
202,tests,6,initiation,I stop chasing the perfect ending and start making clean moves under pressure.,WAKE,story,practice_vs_fantasy,[act=initiation | stage=tests | spoke=6 | source=WAKE | workstream=story | psych_axis=practice_vs_fantasy] :: I stop chasing the perfect ending and start making clean moves under pressure.
203,approach,7,initiation,I treat the work like a ritual: small consistent actions that keep the darkness from taking ground.,WAKE,story,chaos_vs_structure,[act=initiation | stage=approach | spoke=7 | source=WAKE | workstream=story | psych_axis=chaos_vs_structure] :: I treat the work like a ritual: small consistent actions that keep the darkness from taking ground.
204,integration,11,return,"I become the author again—no longer possessed by the plot, but participating consciously.",WAKE,story,control_vs_autonomy,"[act=return | stage=integration | spoke=11 | source=WAKE | workstream=story | psych_axis=control_vs_autonomy] :: I become the author again—no longer possessed by the plot, but participating consciously."
205,refusal,3,departure,I tell myself Gotham isn’t my problem anymore; hiding feels safer than choosing the cowl.,Batman,story,control_vs_autonomy,[act=departure | stage=refusal | spoke=3 | source=Batman | workstream=story | psych_axis=control_vs_autonomy] :: I tell myself Gotham isn’t my problem anymore; hiding feels safer than choosing the cowl.
206,call,2,departure,The city shows me the cost of my comfort—someone has to stand up.,Batman,story,ego_vs_service,[act=departure | stage=call | spoke=2 | source=Batman | workstream=story | psych_axis=ego_vs_service] :: The city shows me the cost of my comfort—someone has to stand up.
207,threshold,5,departure,I cross into the underworld of training; fear becomes a teacher instead of a jailer.,Batman,story,fear_vs_action,[act=departure | stage=threshold | spoke=5 | source=Batman | workstream=story | psych_axis=fear_vs_action] :: I cross into the underworld of training; fear becomes a teacher instead of a jailer.
208,tests,6,initiation,"I learn the discipline behind the symbol: repetition, restraint, and control.",Batman,story,ego_vs_discipline,"[act=initiation | stage=tests | spoke=6 | source=Batman | workstream=story | psych_axis=ego_vs_discipline] :: I learn the discipline behind the symbol: repetition, restraint, and control."
209,allies,6,initiation,I accept guidance from mentors and allies; I stop pretending I can do it alone.,Batman,story,mentorship_vs_dependence,[act=initiation | stage=allies | spoke=6 | source=Batman | workstream=story | psych_axis=mentorship_vs_dependence] :: I accept guidance from mentors and allies; I stop pretending I can do it alone.
210,approach,7,initiation,"I build the tools and the code: the mission needs structure, not ego.",Batman,story,chaos_vs_structure,"[act=initiation | stage=approach | spoke=7 | source=Batman | workstream=story | psych_axis=chaos_vs_structure] :: I build the tools and the code: the mission needs structure, not ego."
211,ordeal,8,initiation,"I face the chaos that can’t be reasoned with; the Joker tests my integrity, not my strength.",Batman,story,domination_vs_compassion,"[act=initiation | stage=ordeal | spoke=8 | source=Batman | workstream=story | psych_axis=domination_vs_compassion] :: I face the chaos that can’t be reasoned with; the Joker tests my integrity, not my strength."
212,ordeal,8,initiation,I take the fall so the symbol survives; I choose responsibility over reputation.,Batman,story,ego_vs_service,[act=initiation | stage=ordeal | spoke=8 | source=Batman | workstream=story | psych_axis=ego_vs_service] :: I take the fall so the symbol survives; I choose responsibility over reputation.
213,reward,9,initiation,A hard-won truth: being good isn’t being liked—it’s doing what’s necessary.,Batman,story,image_vs_integrity,[act=initiation | stage=reward | spoke=9 | source=Batman | workstream=story | psych_axis=image_vs_integrity] :: A hard-won truth: being good isn’t being liked—it’s doing what’s necessary.
214,return,10,return,I come back from exile and pain; I move again even when the body protests.,Batman,story,fear_vs_action,[act=return | stage=return | spoke=10 | source=Batman | workstream=story | psych_axis=fear_vs_action] :: I come back from exile and pain; I move again even when the body protests.
215,integration,11,return,I hold the paradox: a symbol can be both mercy and threat—used with intention.,Batman,story,domination_vs_compassion,[act=return | stage=integration | spoke=11 | source=Batman | workstream=story | psych_axis=domination_vs_compassion] :: I hold the paradox: a symbol can be both mercy and threat—used with intention.
216,elixir,12,return,I pass on the lesson: build systems that outlive you; courage is contagious.,Batman,story,ego_vs_service,[act=return | stage=elixir | spoke=12 | source=Batman | workstream=story | psych_axis=ego_vs_service] :: I pass on the lesson: build systems that outlive you; courage is contagious.
217,refusal,3,departure,I cling to comfort and status; I don’t want the world to change me.,samurai,story,control_vs_autonomy,[act=departure | stage=refusal | spoke=3 | source=samurai | workstream=story | psych_axis=control_vs_autonomy] :: I cling to comfort and status; I don’t want the world to change me.
218,call,2,departure,A new land calls me into a conflict I don’t understand; I’m needed where I’m weakest.,samurai,story,fear_vs_action,[act=departure | stage=call | spoke=2 | source=samurai | workstream=story | psych_axis=fear_vs_action] :: A new land calls me into a conflict I don’t understand; I’m needed where I’m weakest.
219,threshold,5,departure,I enter the samurai world; my old identity starts to crack.,samurai,story,image_vs_integrity,[act=departure | stage=threshold | spoke=5 | source=samurai | workstream=story | psych_axis=image_vs_integrity] :: I enter the samurai world; my old identity starts to crack.
220,tests,6,initiation,"Training strips me down: posture, breath, repetition—no shortcuts.",samurai,story,practice_vs_fantasy,"[act=initiation | stage=tests | spoke=6 | source=samurai | workstream=story | psych_axis=practice_vs_fantasy] :: Training strips me down: posture, breath, repetition—no shortcuts."
221,allies,6,initiation,I find respect in those I feared; discipline becomes a bridge.,samurai,story,ego_vs_service,[act=initiation | stage=allies | spoke=6 | source=samurai | workstream=story | psych_axis=ego_vs_service] :: I find respect in those I feared; discipline becomes a bridge.
222,approach,7,initiation,I stop performing and start learning; humility becomes my weapon.,samurai,story,ego_vs_discipline,[act=initiation | stage=approach | spoke=7 | source=samurai | workstream=story | psych_axis=ego_vs_discipline] :: I stop performing and start learning; humility becomes my weapon.
223,ordeal,8,initiation,"In battle and loss, I face what my life has been built on; the old story dies.",samurai,story,image_vs_integrity,"[act=initiation | stage=ordeal | spoke=8 | source=samurai | workstream=story | psych_axis=image_vs_integrity] :: In battle and loss, I face what my life has been built on; the old story dies."
224,reward,9,initiation,A quiet honor arrives: I can stand in my own skin without applause.,samurai,story,image_vs_integrity,[act=initiation | stage=reward | spoke=9 | source=samurai | workstream=story | psych_axis=image_vs_integrity] :: A quiet honor arrives: I can stand in my own skin without applause.
225,return,10,return,"I return carrying a new standard: presence, duty, and restraint.",samurai,story,ego_vs_discipline,"[act=return | stage=return | spoke=10 | source=samurai | workstream=story | psych_axis=ego_vs_discipline] :: I return carrying a new standard: presence, duty, and restraint."
226,integration,11,return,‘No mind’ becomes real: I act cleanly without the chatter taking the wheel.,samurai,story,numbness_vs_presence,[act=return | stage=integration | spoke=11 | source=samurai | workstream=story | psych_axis=numbness_vs_presence] :: ‘No mind’ becomes real: I act cleanly without the chatter taking the wheel.
227,elixir,12,return,I pass on what I learned: mastery is inner stillness under pressure.,samurai,story,practice_vs_fantasy,[act=return | stage=elixir | spoke=12 | source=samurai | workstream=story | psych_axis=practice_vs_fantasy] :: I pass on what I learned: mastery is inner stillness under pressure.
228,refusal,3,departure,I want the crown without the cross; I resist surrender and try to control outcomes.,christ,story,control_vs_autonomy,[act=departure | stage=refusal | spoke=3 | source=christ | workstream=story | psych_axis=control_vs_autonomy] :: I want the crown without the cross; I resist surrender and try to control outcomes.
229,call,2,departure,"I’m called into the desert of truth: serve, not be served.",christ,story,ego_vs_service,"[act=departure | stage=call | spoke=2 | source=christ | workstream=story | psych_axis=ego_vs_service] :: I’m called into the desert of truth: serve, not be served."
230,threshold,5,departure,I step into ministry; the path becomes public and costly.,christ,story,image_vs_integrity,[act=departure | stage=threshold | spoke=5 | source=christ | workstream=story | psych_axis=image_vs_integrity] :: I step into ministry; the path becomes public and costly.
231,tests,6,initiation,"Temptations come as shortcuts: power, spectacle, certainty—each one refused.",christ,story,control_vs_autonomy,"[act=initiation | stage=tests | spoke=6 | source=christ | workstream=story | psych_axis=control_vs_autonomy] :: Temptations come as shortcuts: power, spectacle, certainty—each one refused."
232,allies,6,initiation,"I gather imperfect disciples; love becomes practiced, not theoretical.",christ,story,mentorship_vs_dependence,"[act=initiation | stage=allies | spoke=6 | source=christ | workstream=story | psych_axis=mentorship_vs_dependence] :: I gather imperfect disciples; love becomes practiced, not theoretical."
233,approach,7,initiation,I walk toward Jerusalem knowing the cost; courage is obedience.,christ,story,fear_vs_action,[act=initiation | stage=approach | spoke=7 | source=christ | workstream=story | psych_axis=fear_vs_action] :: I walk toward Jerusalem knowing the cost; courage is obedience.
234,ordeal,8,initiation,The crucifixion: everything is stripped away; I endure without abandoning love.,christ,story,domination_vs_compassion,[act=initiation | stage=ordeal | spoke=8 | source=christ | workstream=story | psych_axis=domination_vs_compassion] :: The crucifixion: everything is stripped away; I endure without abandoning love.
235,reward,9,initiation,Resurrection: life returns with meaning; despair is not the final word.,christ,story,certainty_vs_trust,[act=initiation | stage=reward | spoke=9 | source=christ | workstream=story | psych_axis=certainty_vs_trust] :: Resurrection: life returns with meaning; despair is not the final word.
236,return,10,return,"I return to my people with peace, not vengeance; wounds become testimony.",christ,story,domination_vs_compassion,"[act=return | stage=return | spoke=10 | source=christ | workstream=story | psych_axis=domination_vs_compassion] :: I return to my people with peace, not vengeance; wounds become testimony."
237,integration,11,return,I embody mercy and truth together; strength becomes gentleness.,christ,story,domination_vs_compassion,[act=return | stage=integration | spoke=11 | source=christ | workstream=story | psych_axis=domination_vs_compassion] :: I embody mercy and truth together; strength becomes gentleness.
238,elixir,12,return,The commission: carry the message outward—hope made practical.,christ,story,ego_vs_service,[act=return | stage=elixir | spoke=12 | source=christ | workstream=story | psych_axis=ego_vs_service] :: The commission: carry the message outward—hope made practical.
239,refusal,3,departure,I want to stay a kid forever; responsibility feels like a trap.,DBZ,story,practice_vs_fantasy,[act=departure | stage=refusal | spoke=3 | source=DBZ | workstream=story | psych_axis=practice_vs_fantasy] :: I want to stay a kid forever; responsibility feels like a trap.
240,call,2,departure,A new threat arrives; my limits are exposed and the work begins.,DBZ,story,fear_vs_action,[act=departure | stage=call | spoke=2 | source=DBZ | workstream=story | psych_axis=fear_vs_action] :: A new threat arrives; my limits are exposed and the work begins.
241,threshold,5,departure,I commit to training; the body becomes the dojo and discipline becomes daily.,DBZ,story,practice_vs_fantasy,[act=departure | stage=threshold | spoke=5 | source=DBZ | workstream=story | psych_axis=practice_vs_fantasy] :: I commit to training; the body becomes the dojo and discipline becomes daily.
242,tests,6,initiation,"Every arc is a trial: gravity, technique, timing—failure is data.",DBZ,story,practice_vs_fantasy,"[act=initiation | stage=tests | spoke=6 | source=DBZ | workstream=story | psych_axis=practice_vs_fantasy] :: Every arc is a trial: gravity, technique, timing—failure is data."
243,allies,6,initiation,I train with rivals and friends; competition becomes collaboration.,DBZ,story,ego_vs_service,[act=initiation | stage=allies | spoke=6 | source=DBZ | workstream=story | psych_axis=ego_vs_service] :: I train with rivals and friends; competition becomes collaboration.
244,approach,7,initiation,"I prepare for the big fight: strategy, recovery, and focus—not just hype.",DBZ,story,chaos_vs_structure,"[act=initiation | stage=approach | spoke=7 | source=DBZ | workstream=story | psych_axis=chaos_vs_structure] :: I prepare for the big fight: strategy, recovery, and focus—not just hype."
245,ordeal,8,initiation,I meet an enemy that forces transformation; the old self can’t win.,DBZ,story,image_vs_integrity,[act=initiation | stage=ordeal | spoke=8 | source=DBZ | workstream=story | psych_axis=image_vs_integrity] :: I meet an enemy that forces transformation; the old self can’t win.
246,reward,9,initiation,Power unlocks through sacrifice and love; strength becomes purposeful.,DBZ,story,ego_vs_service,[act=initiation | stage=reward | spoke=9 | source=DBZ | workstream=story | psych_axis=ego_vs_service] :: Power unlocks through sacrifice and love; strength becomes purposeful.
247,return,10,return,I return to ordinary life with new capacity; calm becomes a flex.,DBZ,story,image_vs_integrity,[act=return | stage=return | spoke=10 | source=DBZ | workstream=story | psych_axis=image_vs_integrity] :: I return to ordinary life with new capacity; calm becomes a flex.
248,integration,11,return,I accept that growth is endless; identity is built by reps.,DBZ,story,practice_vs_fantasy,[act=return | stage=integration | spoke=11 | source=DBZ | workstream=story | psych_axis=practice_vs_fantasy] :: I accept that growth is endless; identity is built by reps.
249,elixir,12,return,I teach the next generation: train your spirit as much as your power.,DBZ,story,mentorship_vs_dependence,[act=return | stage=elixir | spoke=12 | source=DBZ | workstream=story | psych_axis=mentorship_vs_dependence] :: I teach the next generation: train your spirit as much as your power.
250,refusal,3,departure,I rage against limits; I want heaven’s status without heaven’s wisdom.,journey_west,story,control_vs_autonomy,[act=departure | stage=refusal | spoke=3 | source=journey_west | workstream=story | psych_axis=control_vs_autonomy] :: I rage against limits; I want heaven’s status without heaven’s wisdom.
251,call,2,departure,A mission appears: protect the pilgrimage—turn chaos into service.,journey_west,story,ego_vs_service,[act=departure | stage=call | spoke=2 | source=journey_west | workstream=story | psych_axis=ego_vs_service] :: A mission appears: protect the pilgrimage—turn chaos into service.
252,threshold,5,departure,I’m bound to the path; freedom now means commitment.,journey_west,story,control_vs_autonomy,[act=departure | stage=threshold | spoke=5 | source=journey_west | workstream=story | psych_axis=control_vs_autonomy] :: I’m bound to the path; freedom now means commitment.
253,tests,6,initiation,"Demons, illusions, and ego traps: each one exposes my impatience.",journey_west,story,image_vs_integrity,"[act=initiation | stage=tests | spoke=6 | source=journey_west | workstream=story | psych_axis=image_vs_integrity] :: Demons, illusions, and ego traps: each one exposes my impatience."
254,allies,6,initiation,A strange crew forms; difference becomes strength when we stay aligned.,journey_west,story,ego_vs_service,[act=initiation | stage=allies | spoke=6 | source=journey_west | workstream=story | psych_axis=ego_vs_service] :: A strange crew forms; difference becomes strength when we stay aligned.
255,approach,7,initiation,I learn restraint: power without discipline becomes disaster.,journey_west,story,ego_vs_discipline,[act=initiation | stage=approach | spoke=7 | source=journey_west | workstream=story | psych_axis=ego_vs_discipline] :: I learn restraint: power without discipline becomes disaster.
256,ordeal,8,initiation,I face the part of me that wants worship; I choose the work over attention.,journey_west,story,image_vs_integrity,[act=initiation | stage=ordeal | spoke=8 | source=journey_west | workstream=story | psych_axis=image_vs_integrity] :: I face the part of me that wants worship; I choose the work over attention.
257,reward,9,initiation,A clearer mind emerges: humor and humility replace arrogance.,journey_west,story,ego_vs_service,[act=initiation | stage=reward | spoke=9 | source=journey_west | workstream=story | psych_axis=ego_vs_service] :: A clearer mind emerges: humor and humility replace arrogance.
258,return,10,return,"I bring the lesson back: enlightenment is practice, not a trophy.",journey_west,story,practice_vs_fantasy,"[act=return | stage=return | spoke=10 | source=journey_west | workstream=story | psych_axis=practice_vs_fantasy] :: I bring the lesson back: enlightenment is practice, not a trophy."
259,integration,11,return,I hold both mischief and compassion; the trickster becomes a guardian.,journey_west,story,domination_vs_compassion,[act=return | stage=integration | spoke=11 | source=journey_west | workstream=story | psych_axis=domination_vs_compassion] :: I hold both mischief and compassion; the trickster becomes a guardian.
260,elixir,12,return,I pass on the teaching: the wild mind can be trained to serve truth.,journey_west,story,practice_vs_fantasy,[act=return | stage=elixir | spoke=12 | source=journey_west | workstream=story | psych_axis=practice_vs_fantasy] :: I pass on the teaching: the wild mind can be trained to serve truth.
261,refusal,3,departure,My chest tightens and I call it logic; it’s actually fear of exposure.,core,lmb,numbness_vs_presence,[act=departure | stage=refusal | spoke=3 | source=core | workstream=lmb | psych_axis=numbness_vs_presence] :: My chest tightens and I call it logic; it’s actually fear of exposure.
262,refusal,3,departure,I scroll instead of breathing; the freeze response wears the mask of productivity.,core,lmb,numbness_vs_presence,[act=departure | stage=refusal | spoke=3 | source=core | workstream=lmb | psych_axis=numbness_vs_presence] :: I scroll instead of breathing; the freeze response wears the mask of productivity.
263,refusal,3,departure,I over-plan the feature because shipping would make the feedback real.,core,career,fear_vs_action,[act=departure | stage=refusal | spoke=3 | source=core | workstream=career | psych_axis=fear_vs_action] :: I over-plan the feature because shipping would make the feedback real.
264,call,2,departure,The body signals before the mind agrees: shallow breath means something must change.,core,lmb,numbness_vs_presence,[act=departure | stage=call | spoke=2 | source=core | workstream=lmb | psych_axis=numbness_vs_presence] :: The body signals before the mind agrees: shallow breath means something must change.
265,call,2,departure,A failing test suite shows me where discipline is missing; the bug is instructional.,core,career,practice_vs_fantasy,[act=departure | stage=call | spoke=2 | source=core | workstream=career | psych_axis=practice_vs_fantasy] :: A failing test suite shows me where discipline is missing; the bug is instructional.
266,call,2,departure,I realize the relationship pattern repeats; the common variable is my avoidance.,core,dating,projection_vs_ownership,[act=departure | stage=call | spoke=2 | source=core | workstream=dating | psych_axis=projection_vs_ownership] :: I realize the relationship pattern repeats; the common variable is my avoidance.
267,threshold,5,departure,I push the commit even though my stomach flips; action recalibrates the nervous system.,core,career,fear_vs_action,[act=departure | stage=threshold | spoke=5 | source=core | workstream=career | psych_axis=fear_vs_action] :: I push the commit even though my stomach flips; action recalibrates the nervous system.
268,threshold,5,departure,I state a boundary calmly; my voice shakes but I don’t retract it.,core,dating,fear_vs_action,[act=departure | stage=threshold | spoke=5 | source=core | workstream=dating | psych_axis=fear_vs_action] :: I state a boundary calmly; my voice shakes but I don’t retract it.
269,threshold,5,departure,I choose the workout when the mind negotiates; the body crosses first.,core,fitness,practice_vs_fantasy,[act=departure | stage=threshold | spoke=5 | source=core | workstream=fitness | psych_axis=practice_vs_fantasy] :: I choose the workout when the mind negotiates; the body crosses first.
270,tests,6,initiation,An incident hits production; I stay with the logs instead of blaming people.,core,career,projection_vs_ownership,[act=initiation | stage=tests | spoke=6 | source=core | workstream=career | psych_axis=projection_vs_ownership] :: An incident hits production; I stay with the logs instead of blaming people.
271,tests,6,initiation,I feel the urge to fawn; I breathe and return to center before replying.,core,lmb,mentorship_vs_dependence,[act=initiation | stage=tests | spoke=6 | source=core | workstream=lmb | psych_axis=mentorship_vs_dependence] :: I feel the urge to fawn; I breathe and return to center before replying.
272,tests,6,initiation,I iterate the release plan; constraints refine the architecture.,core,career,chaos_vs_structure,[act=initiation | stage=tests | spoke=6 | source=core | workstream=career | psych_axis=chaos_vs_structure] :: I iterate the release plan; constraints refine the architecture.
273,allies,6,initiation,A mentor critiques my draft; I integrate the signal without collapsing.,core,career,mentorship_vs_dependence,[act=initiation | stage=allies | spoke=6 | source=core | workstream=career | psych_axis=mentorship_vs_dependence] :: A mentor critiques my draft; I integrate the signal without collapsing.
274,allies,6,initiation,"I choose friends who challenge my delusion, not those who soothe it.",core,lmb,ego_vs_service,"[act=initiation | stage=allies | spoke=6 | source=core | workstream=lmb | psych_axis=ego_vs_service] :: I choose friends who challenge my delusion, not those who soothe it."
275,approach,7,initiation,I define ‘done’ for this sprint; ambiguity is replaced with criteria.,core,career,chaos_vs_structure,[act=initiation | stage=approach | spoke=7 | source=core | workstream=career | psych_axis=chaos_vs_structure] :: I define ‘done’ for this sprint; ambiguity is replaced with criteria.
276,approach,7,initiation,"I design rituals—sleep, lifting, journaling—that reduce chaos before it starts.",core,fitness,practice_vs_fantasy,"[act=initiation | stage=approach | spoke=7 | source=core | workstream=fitness | psych_axis=practice_vs_fantasy] :: I design rituals—sleep, lifting, journaling—that reduce chaos before it starts."
277,ordeal,8,initiation,I sit in the urge to self-sabotage and refuse to act it out.,core,lmb,fear_vs_action,[act=initiation | stage=ordeal | spoke=8 | source=core | workstream=lmb | psych_axis=fear_vs_action] :: I sit in the urge to self-sabotage and refuse to act it out.
278,ordeal,8,initiation,A relationship ends; I grieve without rewriting the story to make me innocent.,core,dating,projection_vs_ownership,[act=initiation | stage=ordeal | spoke=8 | source=core | workstream=dating | psych_axis=projection_vs_ownership] :: A relationship ends; I grieve without rewriting the story to make me innocent.
279,ordeal,8,initiation,The deploy fails publicly; I own the mistake and draft the postmortem.,core,career,image_vs_integrity,[act=initiation | stage=ordeal | spoke=8 | source=core | workstream=career | psych_axis=image_vs_integrity] :: The deploy fails publicly; I own the mistake and draft the postmortem.
280,reward,9,initiation,My breath deepens under pressure; composure becomes embodied proof.,core,lmb,numbness_vs_presence,[act=initiation | stage=reward | spoke=9 | source=core | workstream=lmb | psych_axis=numbness_vs_presence] :: My breath deepens under pressure; composure becomes embodied proof.
281,reward,9,initiation,The build pipeline turns green; repetition is now trust.,core,career,practice_vs_fantasy,[act=initiation | stage=reward | spoke=9 | source=core | workstream=career | psych_axis=practice_vs_fantasy] :: The build pipeline turns green; repetition is now trust.
282,reward,9,initiation,I can say no without anger; that is new power.,core,dating,control_vs_autonomy,[act=initiation | stage=reward | spoke=9 | source=core | workstream=dating | psych_axis=control_vs_autonomy] :: I can say no without anger; that is new power.
283,return,10,return,I turn the debugging playbook into onboarding material for the next engineer.,core,career,ego_vs_service,[act=return | stage=return | spoke=10 | source=core | workstream=career | psych_axis=ego_vs_service] :: I turn the debugging playbook into onboarding material for the next engineer.
284,return,10,return,I model clean boundaries so others feel safer to hold their own.,core,dating,ego_vs_service,[act=return | stage=return | spoke=10 | source=core | workstream=dating | psych_axis=ego_vs_service] :: I model clean boundaries so others feel safer to hold their own.
285,integration,11,return,I notice activation in the chest and choose response over reaction.,core,lmb,numbness_vs_presence,[act=return | stage=integration | spoke=11 | source=core | workstream=lmb | psych_axis=numbness_vs_presence] :: I notice activation in the chest and choose response over reaction.
286,integration,11,return,Discipline feels less dramatic; consistency replaces intensity.,core,fitness,intensity_vs_consistency,[act=return | stage=integration | spoke=11 | source=core | workstream=fitness | psych_axis=intensity_vs_consistency] :: Discipline feels less dramatic; consistency replaces intensity.
287,elixir,12,return,I publish the framework I tested in private; artifacts replace performance.,core,career,practice_vs_fantasy,[act=return | stage=elixir | spoke=12 | source=core | workstream=career | psych_axis=practice_vs_fantasy] :: I publish the framework I tested in private; artifacts replace performance.
288,elixir,12,return,I speak about failure without glamorizing it; clarity becomes service.,core,lmb,image_vs_integrity,[act=return | stage=elixir | spoke=12 | source=core | workstream=lmb | psych_axis=image_vs_integrity] :: I speak about failure without glamorizing it; clarity becomes service.
289,elixir,12,return,I help someone else ship their first uncomfortable commit.,core,career,mentorship_vs_dependence,[act=return | stage=elixir | spoke=12 | source=core | workstream=career | psych_axis=mentorship_vs_dependence] :: I help someone else ship their first uncomfortable commit.
290,approach,7,initiation,I constrain the scope instead of expanding ambition; focus is mercy.,core,career,chaos_vs_structure,[act=initiation | stage=approach | spoke=7 | source=core | workstream=career | psych_axis=chaos_vs_structure] :: I constrain the scope instead of expanding ambition; focus is mercy.
291,tests,6,initiation,I track triggers like metrics; awareness becomes observability.,core,lmb,practice_vs_fantasy,[act=initiation | stage=tests | spoke=6 | source=core | workstream=lmb | psych_axis=practice_vs_fantasy] :: I track triggers like metrics; awareness becomes observability.
292,ordeal,8,initiation,I forgive myself for not knowing sooner; shame loses its leverage.,core,spiritual,domination_vs_compassion,[act=initiation | stage=ordeal | spoke=8 | source=core | workstream=spiritual | psych_axis=domination_vs_compassion] :: I forgive myself for not knowing sooner; shame loses its leverage.
293,reward,9,initiation,Integrity feels lighter than image management; I choose it again.,core,spiritual,image_vs_integrity,[act=initiation | stage=reward | spoke=9 | source=core | workstream=spiritual | psych_axis=image_vs_integrity] :: Integrity feels lighter than image management; I choose it again.
294,return,10,return,I carry the lesson into Monday; growth survives the calendar.,core,lmb,practice_vs_fantasy,[act=return | stage=return | spoke=10 | source=core | workstream=lmb | psych_axis=practice_vs_fantasy] :: I carry the lesson into Monday; growth survives the calendar.
295,elixir,12,return,"I build systems—code, habits, vows—that outlast mood swings.",core,lmb,practice_vs_fantasy,"[act=return | stage=elixir | spoke=12 | source=core | workstream=lmb | psych_axis=practice_vs_fantasy] :: I build systems—code, habits, vows—that outlast mood swings."
296,refusal,3,departure,"I wake up to the same mental alarm; the loop is familiar, not fated.",groundhog_day,story,practice_vs_fantasy,"[act=departure | stage=refusal | spoke=3 | source=groundhog_day | workstream=story | psych_axis=practice_vs_fantasy] :: I wake up to the same mental alarm; the loop is familiar, not fated."
297,refusal,3,departure,"I call it realism, but it’s resignation dressed as wisdom.",groundhog_day,lmb,image_vs_integrity,"[act=departure | stage=refusal | spoke=3 | source=groundhog_day | workstream=lmb | psych_axis=image_vs_integrity] :: I call it realism, but it’s resignation dressed as wisdom."
298,refusal,3,departure,I tell myself nothing matters; it’s a shield against disappointment.,groundhog_day,spiritual,numbness_vs_presence,[act=departure | stage=refusal | spoke=3 | source=groundhog_day | workstream=spiritual | psych_axis=numbness_vs_presence] :: I tell myself nothing matters; it’s a shield against disappointment.
299,refusal,3,departure,I keep reliving February 2nd because part of me is afraid of February 3rd.,groundhog_day,lmb,fear_vs_action,[act=departure | stage=refusal | spoke=3 | source=groundhog_day | workstream=lmb | psych_axis=fear_vs_action] :: I keep reliving February 2nd because part of me is afraid of February 3rd.
300,call,2,departure,"The question lands: what if the repetition is asking me to change, not escape?",groundhog_day,story,practice_vs_fantasy,"[act=departure | stage=call | spoke=2 | source=groundhog_day | workstream=story | psych_axis=practice_vs_fantasy] :: The question lands: what if the repetition is asking me to change, not escape?"
301,call,2,departure,"I notice the ‘same house, same stress, same echo’ pattern and stop calling it normal.",groundhog_day,lmb,image_vs_integrity,"[act=departure | stage=call | spoke=2 | source=groundhog_day | workstream=lmb | psych_axis=image_vs_integrity] :: I notice the ‘same house, same stress, same echo’ pattern and stop calling it normal."
302,call,2,departure,I see the split: what’s my weather vs what isn’t mine to control.,groundhog_day,lmb,control_vs_autonomy,[act=departure | stage=call | spoke=2 | source=groundhog_day | workstream=lmb | psych_axis=control_vs_autonomy] :: I see the split: what’s my weather vs what isn’t mine to control.
303,call,2,departure,I realize growth isn’t a lever to pull; it’s a path to walk.,groundhog_day,spiritual,certainty_vs_trust,[act=departure | stage=call | spoke=2 | source=groundhog_day | workstream=spiritual | psych_axis=certainty_vs_trust] :: I realize growth isn’t a lever to pull; it’s a path to walk.
304,allies,6,initiation,A mentor-frame appears: a compassionate viewer can name what I’m doing without shaming me.,groundhog_day,lmb,mentorship_vs_dependence,[act=initiation | stage=allies | spoke=6 | source=groundhog_day | workstream=lmb | psych_axis=mentorship_vs_dependence] :: A mentor-frame appears: a compassionate viewer can name what I’m doing without shaming me.
305,allies,6,initiation,Rita becomes a mirror: love that refuses manipulation forces honesty.,groundhog_day,story,attachment_vs_love,[act=initiation | stage=allies | spoke=6 | source=groundhog_day | workstream=story | psych_axis=attachment_vs_love] :: Rita becomes a mirror: love that refuses manipulation forces honesty.
306,tests,6,initiation,I try the ‘no consequences’ life and discover indulgence still feels empty.,groundhog_day,story,comfort_vs_truth,[act=initiation | stage=tests | spoke=6 | source=groundhog_day | workstream=story | psych_axis=comfort_vs_truth] :: I try the ‘no consequences’ life and discover indulgence still feels empty.
307,tests,6,initiation,"I watch my mind bargain—‘if only X, then peace’—and label it as control-seeking.",groundhog_day,lmb,control_vs_autonomy,"[act=initiation | stage=tests | spoke=6 | source=groundhog_day | workstream=lmb | psych_axis=control_vs_autonomy] :: I watch my mind bargain—‘if only X, then peace’—and label it as control-seeking."
308,tests,6,initiation,"I practice craft to replace coping: read, train, build, repeat.",groundhog_day,lmb,practice_vs_fantasy,"[act=initiation | stage=tests | spoke=6 | source=groundhog_day | workstream=lmb | psych_axis=practice_vs_fantasy] :: I practice craft to replace coping: read, train, build, repeat."
309,approach,7,initiation,I stop auditioning for a role I already lost; I define growth without an audience.,groundhog_day,dating,image_vs_integrity,[act=initiation | stage=approach | spoke=7 | source=groundhog_day | workstream=dating | psych_axis=image_vs_integrity] :: I stop auditioning for a role I already lost; I define growth without an audience.
310,approach,7,initiation,I set ‘one small real-world action’ as the exit ramp from over-analysis.,groundhog_day,lmb,fear_vs_action,[act=initiation | stage=approach | spoke=7 | source=groundhog_day | workstream=lmb | psych_axis=fear_vs_action] :: I set ‘one small real-world action’ as the exit ramp from over-analysis.
311,approach,7,initiation,"I narrow the goal to presence: show up cleanly, regardless of outcome.",groundhog_day,lmb,numbness_vs_presence,"[act=initiation | stage=approach | spoke=7 | source=groundhog_day | workstream=lmb | psych_axis=numbness_vs_presence] :: I narrow the goal to presence: show up cleanly, regardless of outcome."
312,ordeal,8,initiation,I hit the dark solution—self-destruction fantasies—then see they don’t end the loop.,groundhog_day,story,comfort_vs_truth,[act=initiation | stage=ordeal | spoke=8 | source=groundhog_day | workstream=story | psych_axis=comfort_vs_truth] :: I hit the dark solution—self-destruction fantasies—then see they don’t end the loop.
313,ordeal,8,initiation,I grieve the story that died and refuse to rewrite it into vindication.,groundhog_day,lmb,projection_vs_ownership,[act=initiation | stage=ordeal | spoke=8 | source=groundhog_day | workstream=lmb | psych_axis=projection_vs_ownership] :: I grieve the story that died and refuse to rewrite it into vindication.
314,ordeal,8,initiation,I face the humiliation of not getting the grade I wanted after passing the test.,groundhog_day,lmb,ego_vs_discipline,[act=initiation | stage=ordeal | spoke=8 | source=groundhog_day | workstream=lmb | psych_axis=ego_vs_discipline] :: I face the humiliation of not getting the grade I wanted after passing the test.
315,ordeal,8,initiation,I accept the limits: I cannot resurrect the past by force of will.,groundhog_day,spiritual,control_vs_autonomy,[act=initiation | stage=ordeal | spoke=8 | source=groundhog_day | workstream=spiritual | psych_axis=control_vs_autonomy] :: I accept the limits: I cannot resurrect the past by force of will.
316,reward,9,initiation,I feel relief in surrender: ‘I’m not the god’ becomes nervous-system peace.,groundhog_day,spiritual,certainty_vs_trust,[act=initiation | stage=reward | spoke=9 | source=groundhog_day | workstream=spiritual | psych_axis=certainty_vs_trust] :: I feel relief in surrender: ‘I’m not the god’ becomes nervous-system peace.
317,reward,9,initiation,I notice integrity is lighter than image management.,groundhog_day,lmb,image_vs_integrity,[act=initiation | stage=reward | spoke=9 | source=groundhog_day | workstream=lmb | psych_axis=image_vs_integrity] :: I notice integrity is lighter than image management.
318,reward,9,initiation,Service breaks the spell: generosity without a receipt restores meaning.,groundhog_day,spiritual,ego_vs_service,[act=initiation | stage=reward | spoke=9 | source=groundhog_day | workstream=spiritual | psych_axis=ego_vs_service] :: Service breaks the spell: generosity without a receipt restores meaning.
319,return,10,return,I carry the lesson into ordinary days: the calendar doesn’t cancel the vow.,groundhog_day,lmb,practice_vs_fantasy,[act=return | stage=return | spoke=10 | source=groundhog_day | workstream=lmb | psych_axis=practice_vs_fantasy] :: I carry the lesson into ordinary days: the calendar doesn’t cancel the vow.
320,return,10,return,I stop using one person as the measuring stick for whether my growth was worth it.,groundhog_day,dating,attachment_vs_love,[act=return | stage=return | spoke=10 | source=groundhog_day | workstream=dating | psych_axis=attachment_vs_love] :: I stop using one person as the measuring stick for whether my growth was worth it.
321,return,10,return,I bless and release: gratitude without a covert contract.,groundhog_day,spiritual,attachment_vs_love,[act=return | stage=return | spoke=10 | source=groundhog_day | workstream=spiritual | psych_axis=attachment_vs_love] :: I bless and release: gratitude without a covert contract.
322,integration,11,return,I can hold the thought ‘if she saw me now’ without letting it steer the ship.,groundhog_day,lmb,projection_vs_ownership,[act=return | stage=integration | spoke=11 | source=groundhog_day | workstream=lmb | psych_axis=projection_vs_ownership] :: I can hold the thought ‘if she saw me now’ without letting it steer the ship.
323,integration,11,return,"Presence replaces tactics; I choose the next honest line, not the perfect script.",groundhog_day,lmb,fear_vs_action,"[act=return | stage=integration | spoke=11 | source=groundhog_day | workstream=lmb | psych_axis=fear_vs_action] :: Presence replaces tactics; I choose the next honest line, not the perfect script."
324,integration,11,return,I treat journaling as a commentary track that must end in action.,groundhog_day,lmb,practice_vs_fantasy,[act=return | stage=integration | spoke=11 | source=groundhog_day | workstream=lmb | psych_axis=practice_vs_fantasy] :: I treat journaling as a commentary track that must end in action.
325,elixir,12,return,"Protocol: scene, commentary, one small action—each day advances one frame.",groundhog_day,lmb,practice_vs_fantasy,"[act=return | stage=elixir | spoke=12 | source=groundhog_day | workstream=lmb | psych_axis=practice_vs_fantasy] :: Protocol: scene, commentary, one small action—each day advances one frame."
326,elixir,12,return,"I build artifacts instead of fantasies: habits, code, vows, proof-of-work.",groundhog_day,career,practice_vs_fantasy,"[act=return | stage=elixir | spoke=12 | source=groundhog_day | workstream=career | psych_axis=practice_vs_fantasy] :: I build artifacts instead of fantasies: habits, code, vows, proof-of-work."
327,refusal,3,departure,I optimize myself for someone’s love and feel it turn uncanny.,groundhog_day,dating,attachment_vs_love,[act=departure | stage=refusal | spoke=3 | source=groundhog_day | workstream=dating | psych_axis=attachment_vs_love] :: I optimize myself for someone’s love and feel it turn uncanny.
328,tests,6,initiation,I notice how ‘trying too hard’ leaks neediness even when the growth is real.,groundhog_day,dating,attachment_vs_love,[act=initiation | stage=tests | spoke=6 | source=groundhog_day | workstream=dating | psych_axis=attachment_vs_love] :: I notice how ‘trying too hard’ leaks neediness even when the growth is real.
329,approach,7,initiation,"I anchor improvement in vocation and integrity, not in winning someone back.",groundhog_day,spiritual,image_vs_integrity,"[act=initiation | stage=approach | spoke=7 | source=groundhog_day | workstream=spiritual | psych_axis=image_vs_integrity] :: I anchor improvement in vocation and integrity, not in winning someone back."
330,ordeal,8,initiation,A creator’s illness reminds me: meaning-making doesn’t grant immunity from pain.,groundhog_day,spiritual,comfort_vs_truth,[act=initiation | stage=ordeal | spoke=8 | source=groundhog_day | workstream=spiritual | psych_axis=comfort_vs_truth] :: A creator’s illness reminds me: meaning-making doesn’t grant immunity from pain.
331,reward,9,initiation,"I choose grace as a response to being blindsided, not as a bargain for safety.",groundhog_day,spiritual,domination_vs_compassion,"[act=initiation | stage=reward | spoke=9 | source=groundhog_day | workstream=spiritual | psych_axis=domination_vs_compassion] :: I choose grace as a response to being blindsided, not as a bargain for safety."
332,return,10,return,"I meet the next crossroads as the man who walked through the storm, not the boy who hoped to be spared.",groundhog_day,lmb,fear_vs_action,"[act=return | stage=return | spoke=10 | source=groundhog_day | workstream=lmb | psych_axis=fear_vs_action] :: I meet the next crossroads as the man who walked through the storm, not the boy who hoped to be spared."
333,integration,11,return,"I accept uncertainty as weather; I still choose my posture, my breath, my next move.",groundhog_day,lmb,certainty_vs_trust,"[act=return | stage=integration | spoke=11 | source=groundhog_day | workstream=lmb | psych_axis=certainty_vs_trust] :: I accept uncertainty as weather; I still choose my posture, my breath, my next move."
334,elixir,12,return,I bring back a simple creed: I don’t control outcomes; I control how I show up.,groundhog_day,lmb,control_vs_autonomy,[act=return | stage=elixir | spoke=12 | source=groundhog_day | workstream=lmb | psych_axis=control_vs_autonomy] :: I bring back a simple creed: I don’t control outcomes; I control how I show up.
335,elixir,12,return,The loop ends when love stops extracting and starts giving.,groundhog_day,spiritual,attachment_vs_love,[act=return | stage=elixir | spoke=12 | source=groundhog_day | workstream=spiritual | psych_axis=attachment_vs_love] :: The loop ends when love stops extracting and starts giving.
336,refusal,3,departure,I confuse my public myth with my real self and start living for the rumor.,wake_scratch,story,image_vs_integrity,[act=departure | stage=refusal | spoke=3 | source=wake_scratch | workstream=story | psych_axis=image_vs_integrity] :: I confuse my public myth with my real self and start living for the rumor.
337,refusal,3,departure,"I let other people’s stories draft my identity, then call it ‘being realistic.’",wake_scratch,lmb,projection_vs_ownership,"[act=departure | stage=refusal | spoke=3 | source=wake_scratch | workstream=lmb | psych_axis=projection_vs_ownership] :: I let other people’s stories draft my identity, then call it ‘being realistic.’"
338,refusal,3,departure,I hide from the work because I’m afraid the world will misread me anyway.,wake_scratch,lmb,fear_vs_action,[act=departure | stage=refusal | spoke=3 | source=wake_scratch | workstream=lmb | psych_axis=fear_vs_action] :: I hide from the work because I’m afraid the world will misread me anyway.
339,call,2,departure,"A darker double appears: the part of me shaped by fear, gossip, and projection.",wake_scratch,story,projection_vs_ownership,"[act=departure | stage=call | spoke=2 | source=wake_scratch | workstream=story | psych_axis=projection_vs_ownership] :: A darker double appears: the part of me shaped by fear, gossip, and projection."
340,call,2,departure,I realize reputation is a force: collective belief can write a mask onto me.,wake_scratch,spiritual,structure_vs_freedom,[act=departure | stage=call | spoke=2 | source=wake_scratch | workstream=spiritual | psych_axis=structure_vs_freedom] :: I realize reputation is a force: collective belief can write a mask onto me.
341,call,2,departure,I see the core threat: an inner demon uses my name to open a door I already tried to close.,wake_scratch,story,projection_vs_ownership,[act=departure | stage=call | spoke=2 | source=wake_scratch | workstream=story | psych_axis=projection_vs_ownership] :: I see the core threat: an inner demon uses my name to open a door I already tried to close.
342,threshold,5,departure,I choose authorship over anxiety: I stop negotiating with the narrative and act.,wake_scratch,lmb,control_vs_autonomy,[act=departure | stage=threshold | spoke=5 | source=wake_scratch | workstream=lmb | psych_axis=control_vs_autonomy] :: I choose authorship over anxiety: I stop negotiating with the narrative and act.
343,threshold,5,departure,"I accept that the story world has rules—symbols, exchanges, consequences—and I step in anyway.",wake_scratch,story,structure_vs_freedom,"[act=departure | stage=threshold | spoke=5 | source=wake_scratch | workstream=story | psych_axis=structure_vs_freedom] :: I accept that the story world has rules—symbols, exchanges, consequences—and I step in anyway."
344,tests,6,initiation,I notice how a single rumor can become a whole costume if I keep wearing it.,wake_scratch,lmb,image_vs_integrity,[act=initiation | stage=tests | spoke=6 | source=wake_scratch | workstream=lmb | psych_axis=image_vs_integrity] :: I notice how a single rumor can become a whole costume if I keep wearing it.
345,tests,6,initiation,I track my triggers like an investigator: what makes the double stronger?,wake_scratch,lmb,practice_vs_fantasy,[act=initiation | stage=tests | spoke=6 | source=wake_scratch | workstream=lmb | psych_axis=practice_vs_fantasy] :: I track my triggers like an investigator: what makes the double stronger?
346,tests,6,initiation,I learn that ‘dark presence’ thrives on ambiguity; clarity is a form of light.,wake_scratch,spiritual,projection_vs_ownership,[act=initiation | stage=tests | spoke=6 | source=wake_scratch | workstream=spiritual | psych_axis=projection_vs_ownership] :: I learn that ‘dark presence’ thrives on ambiguity; clarity is a form of light.
347,tests,6,initiation,I separate the true signal from the noise: not every accusation is data.,wake_scratch,lmb,projection_vs_ownership,[act=initiation | stage=tests | spoke=6 | source=wake_scratch | workstream=lmb | psych_axis=projection_vs_ownership] :: I separate the true signal from the noise: not every accusation is data.
348,allies,6,initiation,A loved one sees the real me and reflects it back without feeding my ego.,wake_scratch,story,image_vs_integrity,[act=initiation | stage=allies | spoke=6 | source=wake_scratch | workstream=story | psych_axis=image_vs_integrity] :: A loved one sees the real me and reflects it back without feeding my ego.
349,allies,6,initiation,An ally’s testimony becomes medicine: truth spoken with love weakens the false legend.,wake_scratch,spiritual,domination_vs_compassion,[act=initiation | stage=allies | spoke=6 | source=wake_scratch | workstream=spiritual | psych_axis=domination_vs_compassion] :: An ally’s testimony becomes medicine: truth spoken with love weakens the false legend.
350,allies,6,initiation,I accept help to anchor reality: a witness is protection against self-mythologizing.,wake_scratch,lmb,mentorship_vs_dependence,[act=initiation | stage=allies | spoke=6 | source=wake_scratch | workstream=lmb | psych_axis=mentorship_vs_dependence] :: I accept help to anchor reality: a witness is protection against self-mythologizing.
351,approach,7,initiation,I build a ‘Sunrise’ artifact: a clean record of who I am when I’m not performing.,wake_scratch,career,image_vs_integrity,[act=initiation | stage=approach | spoke=7 | source=wake_scratch | workstream=career | psych_axis=image_vs_integrity] :: I build a ‘Sunrise’ artifact: a clean record of who I am when I’m not performing.
352,approach,7,initiation,I replace image management with proof-of-work; reality becomes harder to distort.,wake_scratch,career,image_vs_integrity,[act=initiation | stage=approach | spoke=7 | source=wake_scratch | workstream=career | psych_axis=image_vs_integrity] :: I replace image management with proof-of-work; reality becomes harder to distort.
353,approach,7,initiation,"I stop feeding the urban legend—no more compulsive explaining, no more reactive posts.",wake_scratch,lmb,control_vs_autonomy,"[act=initiation | stage=approach | spoke=7 | source=wake_scratch | workstream=lmb | psych_axis=control_vs_autonomy] :: I stop feeding the urban legend—no more compulsive explaining, no more reactive posts."
354,approach,7,initiation,I prepare for the showdown by tightening my inner criteria: integrity over applause.,wake_scratch,spiritual,image_vs_integrity,[act=initiation | stage=approach | spoke=7 | source=wake_scratch | workstream=spiritual | psych_axis=image_vs_integrity] :: I prepare for the showdown by tightening my inner criteria: integrity over applause.
355,ordeal,8,initiation,"I face the suit: the persona built from headlines, shame, and projection.",wake_scratch,lmb,image_vs_integrity,"[act=initiation | stage=ordeal | spoke=8 | source=wake_scratch | workstream=lmb | psych_axis=image_vs_integrity] :: I face the suit: the persona built from headlines, shame, and projection."
356,ordeal,8,initiation,I confront the fact that my shadow can wear my face and still not be me.,wake_scratch,story,projection_vs_ownership,[act=initiation | stage=ordeal | spoke=8 | source=wake_scratch | workstream=story | psych_axis=projection_vs_ownership] :: I confront the fact that my shadow can wear my face and still not be me.
357,ordeal,8,initiation,I resist the temptation to become what they fear; I refuse the ‘serial killer’ script.,wake_scratch,lmb,image_vs_integrity,[act=initiation | stage=ordeal | spoke=8 | source=wake_scratch | workstream=lmb | psych_axis=image_vs_integrity] :: I resist the temptation to become what they fear; I refuse the ‘serial killer’ script.
358,ordeal,8,initiation,"I accept the law of exchange: to rescue what I love, I must sacrifice the mask.",wake_scratch,spiritual,comfort_vs_truth,"[act=initiation | stage=ordeal | spoke=8 | source=wake_scratch | workstream=spiritual | psych_axis=comfort_vs_truth] :: I accept the law of exchange: to rescue what I love, I must sacrifice the mask."
359,reward,9,initiation,"The illusion burns: when the light hits it, the false self can’t hold form.",wake_scratch,story,projection_vs_ownership,"[act=initiation | stage=reward | spoke=9 | source=wake_scratch | workstream=story | psych_axis=projection_vs_ownership] :: The illusion burns: when the light hits it, the false self can’t hold form."
360,reward,9,initiation,I feel relief when the costume falls away; the body recognizes truth as safety.,wake_scratch,lmb,numbness_vs_presence,[act=initiation | stage=reward | spoke=9 | source=wake_scratch | workstream=lmb | psych_axis=numbness_vs_presence] :: I feel relief when the costume falls away; the body recognizes truth as safety.
361,reward,9,initiation,I learn the paradox: vulnerability is how you defeat a myth that feeds on secrecy.,wake_scratch,spiritual,domination_vs_compassion,[act=initiation | stage=reward | spoke=9 | source=wake_scratch | workstream=spiritual | psych_axis=domination_vs_compassion] :: I learn the paradox: vulnerability is how you defeat a myth that feeds on secrecy.
362,return,10,return,"I come back to ordinary life wearing the plaid: simple, grounded, untheatrical.",wake_scratch,lmb,image_vs_integrity,"[act=return | stage=return | spoke=10 | source=wake_scratch | workstream=lmb | psych_axis=image_vs_integrity] :: I come back to ordinary life wearing the plaid: simple, grounded, untheatrical."
363,return,10,return,I stop trying to control every opinion; I focus on being consistent in daylight.,wake_scratch,spiritual,certainty_vs_trust,[act=return | stage=return | spoke=10 | source=wake_scratch | workstream=spiritual | psych_axis=certainty_vs_trust] :: I stop trying to control every opinion; I focus on being consistent in daylight.
364,return,10,return,"I keep the door closed with routine: sleep, training, work—structure as protection.",wake_scratch,fitness,chaos_vs_structure,"[act=return | stage=return | spoke=10 | source=wake_scratch | workstream=fitness | psych_axis=chaos_vs_structure] :: I keep the door closed with routine: sleep, training, work—structure as protection."
365,integration,11,return,I can hear the rumor-brain and not obey it; I choose the next clean line.,wake_scratch,lmb,fear_vs_action,[act=return | stage=integration | spoke=11 | source=wake_scratch | workstream=lmb | psych_axis=fear_vs_action] :: I can hear the rumor-brain and not obey it; I choose the next clean line.
366,integration,11,return,"I hold both truths: I have darkness, and I am not only my darkness.",wake_scratch,spiritual,projection_vs_ownership,"[act=return | stage=integration | spoke=11 | source=wake_scratch | workstream=spiritual | psych_axis=projection_vs_ownership] :: I hold both truths: I have darkness, and I am not only my darkness."
367,integration,11,return,"I treat reputation like weather: note it, prepare, but don’t worship it.",wake_scratch,lmb,certainty_vs_trust,"[act=return | stage=integration | spoke=11 | source=wake_scratch | workstream=lmb | psych_axis=certainty_vs_trust] :: I treat reputation like weather: note it, prepare, but don’t worship it."
368,elixir,12,return,I bring back a method: make a public artifact of truth that quietly burns the lie.,wake_scratch,career,image_vs_integrity,[act=return | stage=elixir | spoke=12 | source=wake_scratch | workstream=career | psych_axis=image_vs_integrity] :: I bring back a method: make a public artifact of truth that quietly burns the lie.
369,elixir,12,return,I teach the lesson: collective belief can create monsters—so choose what you amplify.,wake_scratch,spiritual,projection_vs_ownership,[act=return | stage=elixir | spoke=12 | source=wake_scratch | workstream=spiritual | psych_axis=projection_vs_ownership] :: I teach the lesson: collective belief can create monsters—so choose what you amplify.
370,elixir,12,return,"I leave a protocol: identify the double, stop feeding it, ship truth in small consistent frames.",wake_scratch,lmb,practice_vs_fantasy,"[act=return | stage=elixir | spoke=12 | source=wake_scratch | workstream=lmb | psych_axis=practice_vs_fantasy] :: I leave a protocol: identify the double, stop feeding it, ship truth in small consistent frames."
371,refusal,3,departure,"I want home, but duty keeps rewriting my plans.",gladiator,story,comfort_vs_truth,"[act=departure | stage=refusal | spoke=3 | source=gladiator | workstream=story | psych_axis=comfort_vs_truth] :: I want home, but duty keeps rewriting my plans."
372,refusal,3,departure,I tell myself honor is pointless because death erases everything.,gladiator,spiritual,comfort_vs_truth,[act=departure | stage=refusal | spoke=3 | source=gladiator | workstream=spiritual | psych_axis=comfort_vs_truth] :: I tell myself honor is pointless because death erases everything.
373,refusal,3,departure,I cling to rank and reputation because it’s all I think I am.,gladiator,lmb,image_vs_integrity,[act=departure | stage=refusal | spoke=3 | source=gladiator | workstream=lmb | psych_axis=image_vs_integrity] :: I cling to rank and reputation because it’s all I think I am.
374,call,2,departure,"A higher standard appears: lead with courage and care, not ego.",gladiator,story,ego_vs_service,"[act=departure | stage=call | spoke=2 | source=gladiator | workstream=story | psych_axis=ego_vs_service] :: A higher standard appears: lead with courage and care, not ego."
375,call,2,departure,"I feel the pull toward simple desires—home, family, harvest—over glory.",gladiator,lmb,comfort_vs_truth,"[act=departure | stage=call | spoke=2 | source=gladiator | workstream=lmb | psych_axis=comfort_vs_truth] :: I feel the pull toward simple desires—home, family, harvest—over glory."
376,call,2,departure,"A question lands: if life ends in dust, what makes it meaningful?",gladiator,spiritual,comfort_vs_truth,"[act=departure | stage=call | spoke=2 | source=gladiator | workstream=spiritual | psych_axis=comfort_vs_truth] :: A question lands: if life ends in dust, what makes it meaningful?"
377,threshold,5,departure,The wheel turns: I lose everything and still have to choose my posture.,gladiator,spiritual,control_vs_autonomy,[act=departure | stage=threshold | spoke=5 | source=gladiator | workstream=spiritual | psych_axis=control_vs_autonomy] :: The wheel turns: I lose everything and still have to choose my posture.
378,threshold,5,departure,I’m forced into the arena; I decide to survive without surrendering my soul.,gladiator,story,image_vs_integrity,[act=departure | stage=threshold | spoke=5 | source=gladiator | workstream=story | psych_axis=image_vs_integrity] :: I’m forced into the arena; I decide to survive without surrendering my soul.
379,tests,6,initiation,I learn to command my inner state when I can’t command the world.,gladiator,spiritual,control_vs_autonomy,[act=initiation | stage=tests | spoke=6 | source=gladiator | workstream=spiritual | psych_axis=control_vs_autonomy] :: I learn to command my inner state when I can’t command the world.
380,tests,6,initiation,I take the dirt in my hand and remember: mortality is a compass.,gladiator,lmb,comfort_vs_truth,[act=initiation | stage=tests | spoke=6 | source=gladiator | workstream=lmb | psych_axis=comfort_vs_truth] :: I take the dirt in my hand and remember: mortality is a compass.
381,tests,6,initiation,I lead from the front; men trust what they can feel in my presence.,gladiator,story,ego_vs_service,[act=initiation | stage=tests | spoke=6 | source=gladiator | workstream=story | psych_axis=ego_vs_service] :: I lead from the front; men trust what they can feel in my presence.
382,tests,6,initiation,I reject manipulation: praise without integrity is poison.,gladiator,spiritual,image_vs_integrity,[act=initiation | stage=tests | spoke=6 | source=gladiator | workstream=spiritual | psych_axis=image_vs_integrity] :: I reject manipulation: praise without integrity is poison.
383,allies,6,initiation,A crew forms in captivity; brotherhood becomes the new home.,gladiator,story,ego_vs_service,[act=initiation | stage=allies | spoke=6 | source=gladiator | workstream=story | psych_axis=ego_vs_service] :: A crew forms in captivity; brotherhood becomes the new home.
384,allies,6,initiation,A mentor teaches the rule: win the crowd to buy time and leverage.,gladiator,career,chaos_vs_structure,[act=initiation | stage=allies | spoke=6 | source=gladiator | workstream=career | psych_axis=chaos_vs_structure] :: A mentor teaches the rule: win the crowd to buy time and leverage.
385,allies,6,initiation,A witness reminds me who I was before the world broke me.,gladiator,lmb,projection_vs_ownership,[act=initiation | stage=allies | spoke=6 | source=gladiator | workstream=lmb | psych_axis=projection_vs_ownership] :: A witness reminds me who I was before the world broke me.
386,approach,7,initiation,I build quiet influence inside the system that enslaves me.,gladiator,career,structure_vs_freedom,[act=initiation | stage=approach | spoke=7 | source=gladiator | workstream=career | psych_axis=structure_vs_freedom] :: I build quiet influence inside the system that enslaves me.
387,approach,7,initiation,I stop living for vengeance alone; I choose a cause bigger than my pain.,gladiator,spiritual,ego_vs_service,[act=initiation | stage=approach | spoke=7 | source=gladiator | workstream=spiritual | psych_axis=ego_vs_service] :: I stop living for vengeance alone; I choose a cause bigger than my pain.
388,approach,7,initiation,"I define Rome as a soul, not a spectacle; vision becomes resistance.",gladiator,story,image_vs_integrity,"[act=initiation | stage=approach | spoke=7 | source=gladiator | workstream=story | psych_axis=image_vs_integrity] :: I define Rome as a soul, not a spectacle; vision becomes resistance."
389,ordeal,8,initiation,I face the tyrant and proclaim my true name in public.,gladiator,story,image_vs_integrity,[act=initiation | stage=ordeal | spoke=8 | source=gladiator | workstream=story | psych_axis=image_vs_integrity] :: I face the tyrant and proclaim my true name in public.
390,ordeal,8,initiation,"I feel grief and rage, but I refuse to become the evil I fight.",gladiator,lmb,domination_vs_compassion,"[act=initiation | stage=ordeal | spoke=8 | source=gladiator | workstream=lmb | psych_axis=domination_vs_compassion] :: I feel grief and rage, but I refuse to become the evil I fight."
391,ordeal,8,initiation,The false brother offers a devil’s bargain; I refuse the shortcut.,gladiator,spiritual,ego_vs_discipline,[act=initiation | stage=ordeal | spoke=8 | source=gladiator | workstream=spiritual | psych_axis=ego_vs_discipline] :: The false brother offers a devil’s bargain; I refuse the shortcut.
392,reward,9,initiation,Identity returns: I remember my vows and my standard.,gladiator,lmb,image_vs_integrity,[act=initiation | stage=reward | spoke=9 | source=gladiator | workstream=lmb | psych_axis=image_vs_integrity] :: Identity returns: I remember my vows and my standard.
393,reward,9,initiation,I discover power that isn’t bought: dignity under pressure.,gladiator,spiritual,image_vs_integrity,[act=initiation | stage=reward | spoke=9 | source=gladiator | workstream=spiritual | psych_axis=image_vs_integrity] :: I discover power that isn’t bought: dignity under pressure.
394,reward,9,initiation,My presence rallies others; virtue spreads like contagion.,gladiator,story,ego_vs_service,[act=initiation | stage=reward | spoke=9 | source=gladiator | workstream=story | psych_axis=ego_vs_service] :: My presence rallies others; virtue spreads like contagion.
395,return,10,return,I use my final leverage to free others and restore a better order.,gladiator,spiritual,ego_vs_service,[act=return | stage=return | spoke=10 | source=gladiator | workstream=spiritual | psych_axis=ego_vs_service] :: I use my final leverage to free others and restore a better order.
396,return,10,return,"I pass the mission forward: honor is practiced, not claimed.",gladiator,lmb,practice_vs_fantasy,"[act=return | stage=return | spoke=10 | source=gladiator | workstream=lmb | psych_axis=practice_vs_fantasy] :: I pass the mission forward: honor is practiced, not claimed."
397,integration,11,return,I hold mortality and meaning together; I act as if deeds echo beyond me.,gladiator,spiritual,certainty_vs_trust,[act=return | stage=integration | spoke=11 | source=gladiator | workstream=spiritual | psych_axis=certainty_vs_trust] :: I hold mortality and meaning together; I act as if deeds echo beyond me.
398,integration,11,return,"I keep my hands in the dirt—grounded, simple, uncorrupted by applause.",gladiator,lmb,image_vs_integrity,"[act=return | stage=integration | spoke=11 | source=gladiator | workstream=lmb | psych_axis=image_vs_integrity] :: I keep my hands in the dirt—grounded, simple, uncorrupted by applause."
399,elixir,12,return,I leave an ethic: strength and honor are real when they cost you something.,gladiator,spiritual,ego_vs_discipline,[act=return | stage=elixir | spoke=12 | source=gladiator | workstream=spiritual | psych_axis=ego_vs_discipline] :: I leave an ethic: strength and honor are real when they cost you something.
400,elixir,12,return,"I bring back a model of manhood: calm leadership, disciplined courage, humble love.",gladiator,lmb,ego_vs_discipline,"[act=return | stage=elixir | spoke=12 | source=gladiator | workstream=lmb | psych_axis=ego_vs_discipline] :: I bring back a model of manhood: calm leadership, disciplined courage, humble love."
401,refusal,3,departure,"I obey the script—grades, manners, achievement—while my inner life goes quiet.",dead_poets,story,image_vs_integrity,"[act=departure | stage=refusal | spoke=3 | source=dead_poets | workstream=story | psych_axis=image_vs_integrity] :: I obey the script—grades, manners, achievement—while my inner life goes quiet."
402,refusal,3,departure,I trade curiosity for approval and call it ‘being responsible.’,dead_poets,lmb,image_vs_integrity,[act=departure | stage=refusal | spoke=3 | source=dead_poets | workstream=lmb | psych_axis=image_vs_integrity] :: I trade curiosity for approval and call it ‘being responsible.’
403,refusal,3,departure,I feel the ache of meaninglessness but keep performing so no one worries.,dead_poets,spiritual,numbness_vs_presence,[act=departure | stage=refusal | spoke=3 | source=dead_poets | workstream=spiritual | psych_axis=numbness_vs_presence] :: I feel the ache of meaninglessness but keep performing so no one worries.
404,call,2,departure,A teacher arrives who treats life as art: ‘What will your verse be?’,dead_poets,story,practice_vs_fantasy,[act=departure | stage=call | spoke=2 | source=dead_poets | workstream=story | psych_axis=practice_vs_fantasy] :: A teacher arrives who treats life as art: ‘What will your verse be?’
405,call,2,departure,I hear ‘carpe diem’ and realize my passivity has a cost.,dead_poets,lmb,fear_vs_action,[act=departure | stage=call | spoke=2 | source=dead_poets | workstream=lmb | psych_axis=fear_vs_action] :: I hear ‘carpe diem’ and realize my passivity has a cost.
406,call,2,departure,I see that the goal isn’t success—it’s aliveness.,dead_poets,spiritual,comfort_vs_truth,[act=departure | stage=call | spoke=2 | source=dead_poets | workstream=spiritual | psych_axis=comfort_vs_truth] :: I see that the goal isn’t success—it’s aliveness.
407,threshold,5,departure,I step out of the row and risk looking strange to feel the truth.,dead_poets,story,comfort_vs_truth,[act=departure | stage=threshold | spoke=5 | source=dead_poets | workstream=story | psych_axis=comfort_vs_truth] :: I step out of the row and risk looking strange to feel the truth.
408,threshold,5,departure,I speak one honest line aloud; the voice that was trapped gets air.,dead_poets,lmb,fear_vs_action,[act=departure | stage=threshold | spoke=5 | source=dead_poets | workstream=lmb | psych_axis=fear_vs_action] :: I speak one honest line aloud; the voice that was trapped gets air.
409,threshold,5,departure,"I choose experience over reputation, even if it disrupts the plan.",dead_poets,spiritual,image_vs_integrity,"[act=departure | stage=threshold | spoke=5 | source=dead_poets | workstream=spiritual | psych_axis=image_vs_integrity] :: I choose experience over reputation, even if it disrupts the plan."
410,allies,6,initiation,A circle forms: brotherhood gives courage when the institution demands silence.,dead_poets,story,ego_vs_service,[act=initiation | stage=allies | spoke=6 | source=dead_poets | workstream=story | psych_axis=ego_vs_service] :: A circle forms: brotherhood gives courage when the institution demands silence.
411,allies,6,initiation,A mentor models embodied conviction—he lives what he teaches.,dead_poets,spiritual,practice_vs_fantasy,[act=initiation | stage=allies | spoke=6 | source=dead_poets | workstream=spiritual | psych_axis=practice_vs_fantasy] :: A mentor models embodied conviction—he lives what he teaches.
412,allies,6,initiation,Friends mirror the dormant spark in me; desire becomes permission.,dead_poets,lmb,numbness_vs_presence,[act=initiation | stage=allies | spoke=6 | source=dead_poets | workstream=lmb | psych_axis=numbness_vs_presence] :: Friends mirror the dormant spark in me; desire becomes permission.
413,tests,6,initiation,I test the boundary: how much of myself can I reveal before I’m punished?,dead_poets,lmb,image_vs_integrity,[act=initiation | stage=tests | spoke=6 | source=dead_poets | workstream=lmb | psych_axis=image_vs_integrity] :: I test the boundary: how much of myself can I reveal before I’m punished?
414,tests,6,initiation,"I notice the fawn reflex—please the father, please the school, disappear the self.",dead_poets,lmb,mentorship_vs_dependence,"[act=initiation | stage=tests | spoke=6 | source=dead_poets | workstream=lmb | psych_axis=mentorship_vs_dependence] :: I notice the fawn reflex—please the father, please the school, disappear the self."
415,tests,6,initiation,I practice courage as repetition: small acts of defiance build identity.,dead_poets,spiritual,practice_vs_fantasy,[act=initiation | stage=tests | spoke=6 | source=dead_poets | workstream=spiritual | psych_axis=practice_vs_fantasy] :: I practice courage as repetition: small acts of defiance build identity.
416,approach,7,initiation,I stop asking for a perfect path and choose the next true action.,dead_poets,lmb,fear_vs_action,[act=initiation | stage=approach | spoke=7 | source=dead_poets | workstream=lmb | psych_axis=fear_vs_action] :: I stop asking for a perfect path and choose the next true action.
417,approach,7,initiation,"I prepare to face authority without collapsing: clarity, calm, and evidence.",dead_poets,career,ego_vs_discipline,"[act=initiation | stage=approach | spoke=7 | source=dead_poets | workstream=career | psych_axis=ego_vs_discipline] :: I prepare to face authority without collapsing: clarity, calm, and evidence."
418,approach,7,initiation,"I define ‘extraordinary’ as lived honesty, not dramatic gestures.",dead_poets,spiritual,image_vs_integrity,"[act=initiation | stage=approach | spoke=7 | source=dead_poets | workstream=spiritual | psych_axis=image_vs_integrity] :: I define ‘extraordinary’ as lived honesty, not dramatic gestures."
419,ordeal,8,initiation,"I meet the double bind: obey the role and die inside, or speak up and risk exile.",dead_poets,story,comfort_vs_truth,"[act=initiation | stage=ordeal | spoke=8 | source=dead_poets | workstream=story | psych_axis=comfort_vs_truth] :: I meet the double bind: obey the role and die inside, or speak up and risk exile."
420,ordeal,8,initiation,A father’s will becomes a cage; I feel what it costs to have no voice.,dead_poets,lmb,control_vs_autonomy,[act=initiation | stage=ordeal | spoke=8 | source=dead_poets | workstream=lmb | psych_axis=control_vs_autonomy] :: A father’s will becomes a cage; I feel what it costs to have no voice.
421,ordeal,8,initiation,I witness how repression can turn lethal; the soul can die before the body does.,dead_poets,spiritual,numbness_vs_presence,[act=initiation | stage=ordeal | spoke=8 | source=dead_poets | workstream=spiritual | psych_axis=numbness_vs_presence] :: I witness how repression can turn lethal; the soul can die before the body does.
422,reward,9,initiation,"I feel the first clean pride: I acted from the self, not the audience.",dead_poets,lmb,image_vs_integrity,"[act=initiation | stage=reward | spoke=9 | source=dead_poets | workstream=lmb | psych_axis=image_vs_integrity] :: I feel the first clean pride: I acted from the self, not the audience."
423,reward,9,initiation,I learn that passion isn’t childish—it’s the engine of meaning.,dead_poets,spiritual,comfort_vs_truth,[act=initiation | stage=reward | spoke=9 | source=dead_poets | workstream=spiritual | psych_axis=comfort_vs_truth] :: I learn that passion isn’t childish—it’s the engine of meaning.
424,reward,9,initiation,I see how one brave act spreads: courage becomes contagious in a room.,dead_poets,story,ego_vs_service,[act=initiation | stage=reward | spoke=9 | source=dead_poets | workstream=story | psych_axis=ego_vs_service] :: I see how one brave act spreads: courage becomes contagious in a room.
425,return,10,return,"I bring the lesson into the ordinary: speak the truth early, not at the breaking point.",dead_poets,lmb,comfort_vs_truth,"[act=return | stage=return | spoke=10 | source=dead_poets | workstream=lmb | psych_axis=comfort_vs_truth] :: I bring the lesson into the ordinary: speak the truth early, not at the breaking point."
426,return,10,return,I stop outsourcing my life plan; I own the trade-offs and make the choice.,dead_poets,career,control_vs_autonomy,[act=return | stage=return | spoke=10 | source=dead_poets | workstream=career | psych_axis=control_vs_autonomy] :: I stop outsourcing my life plan; I own the trade-offs and make the choice.
427,return,10,return,"I keep the art alive under routine: reading, training, writing—small daily seizing.",dead_poets,fitness,practice_vs_fantasy,"[act=return | stage=return | spoke=10 | source=dead_poets | workstream=fitness | psych_axis=practice_vs_fantasy] :: I keep the art alive under routine: reading, training, writing—small daily seizing."
428,integration,11,return,I can feel the urge to conform and still choose my verse.,dead_poets,lmb,comfort_vs_truth,[act=return | stage=integration | spoke=11 | source=dead_poets | workstream=lmb | psych_axis=comfort_vs_truth] :: I can feel the urge to conform and still choose my verse.
429,integration,11,return,I hold grief without turning it into cynicism; meaning survives tragedy.,dead_poets,spiritual,certainty_vs_trust,[act=return | stage=integration | spoke=11 | source=dead_poets | workstream=spiritual | psych_axis=certainty_vs_trust] :: I hold grief without turning it into cynicism; meaning survives tragedy.
430,elixir,12,return,I leave a standard: don’t live as a proxy for others—build a life you can stand behind.,dead_poets,spiritual,image_vs_integrity,[act=return | stage=elixir | spoke=12 | source=dead_poets | workstream=spiritual | psych_axis=image_vs_integrity] :: I leave a standard: don’t live as a proxy for others—build a life you can stand behind.
431,elixir,12,return,"I pass on a protocol: find the mentor, find the circle, take the small brave step today.",dead_poets,lmb,fear_vs_action,"[act=return | stage=elixir | spoke=12 | source=dead_poets | workstream=lmb | psych_axis=fear_vs_action] :: I pass on a protocol: find the mentor, find the circle, take the small brave step today."
432,refusal,3,departure,I’m ‘Strider’ because accepting the crown feels like accepting the burden of my bloodline.,aragorn,story,control_vs_autonomy,[act=departure | stage=refusal | spoke=3 | source=aragorn | workstream=story | psych_axis=control_vs_autonomy] :: I’m ‘Strider’ because accepting the crown feels like accepting the burden of my bloodline.
433,refusal,3,departure,I downplay my gifts so I don’t have to risk leadership.,aragorn,lmb,fear_vs_action,[act=departure | stage=refusal | spoke=3 | source=aragorn | workstream=lmb | psych_axis=fear_vs_action] :: I downplay my gifts so I don’t have to risk leadership.
434,refusal,3,departure,I confuse humility with hiding; I call it virtue but it’s fear of responsibility.,aragorn,spiritual,image_vs_integrity,[act=departure | stage=refusal | spoke=3 | source=aragorn | workstream=spiritual | psych_axis=image_vs_integrity] :: I confuse humility with hiding; I call it virtue but it’s fear of responsibility.
435,call,2,departure,"A higher calling appears: lead not for power, but for service.",aragorn,spiritual,ego_vs_service,"[act=departure | stage=call | spoke=2 | source=aragorn | workstream=spiritual | psych_axis=ego_vs_service] :: A higher calling appears: lead not for power, but for service."
436,call,2,departure,I’m reminded: the heir is not the same as the failure who came before.,aragorn,story,projection_vs_ownership,[act=departure | stage=call | spoke=2 | source=aragorn | workstream=story | psych_axis=projection_vs_ownership] :: I’m reminded: the heir is not the same as the failure who came before.
437,call,2,departure,The world needs a king; I feel the pull toward disciplined authority.,aragorn,lmb,ego_vs_discipline,[act=departure | stage=call | spoke=2 | source=aragorn | workstream=lmb | psych_axis=ego_vs_discipline] :: The world needs a king; I feel the pull toward disciplined authority.
438,threshold,5,departure,I step forward in danger and become a signal of safety for those behind me.,aragorn,story,fear_vs_action,[act=departure | stage=threshold | spoke=5 | source=aragorn | workstream=story | psych_axis=fear_vs_action] :: I step forward in danger and become a signal of safety for those behind me.
439,threshold,5,departure,"I choose action without ego—move first, explain later.",aragorn,lmb,ego_vs_discipline,"[act=departure | stage=threshold | spoke=5 | source=aragorn | workstream=lmb | psych_axis=ego_vs_discipline] :: I choose action without ego—move first, explain later."
440,threshold,5,departure,I accept solitude as training rather than exile.,aragorn,spiritual,certainty_vs_trust,[act=departure | stage=threshold | spoke=5 | source=aragorn | workstream=spiritual | psych_axis=certainty_vs_trust] :: I accept solitude as training rather than exile.
441,tests,6,initiation,I stay calm when others panic; composure becomes a form of leadership.,aragorn,lmb,numbness_vs_presence,[act=initiation | stage=tests | spoke=6 | source=aragorn | workstream=lmb | psych_axis=numbness_vs_presence] :: I stay calm when others panic; composure becomes a form of leadership.
442,tests,6,initiation,I take the hard road without dramatizing it; duty is quiet.,aragorn,spiritual,ego_vs_discipline,[act=initiation | stage=tests | spoke=6 | source=aragorn | workstream=spiritual | psych_axis=ego_vs_discipline] :: I take the hard road without dramatizing it; duty is quiet.
443,tests,6,initiation,"I refuse shortcuts that would corrupt the mission, even if they flatter my pride.",aragorn,spiritual,ego_vs_discipline,"[act=initiation | stage=tests | spoke=6 | source=aragorn | workstream=spiritual | psych_axis=ego_vs_discipline] :: I refuse shortcuts that would corrupt the mission, even if they flatter my pride."
444,allies,6,initiation,I earn trust through deeds; respect follows reliability.,aragorn,career,image_vs_integrity,[act=initiation | stage=allies | spoke=6 | source=aragorn | workstream=career | psych_axis=image_vs_integrity] :: I earn trust through deeds; respect follows reliability.
445,allies,6,initiation,I hold the fellowship together when it starts to fracture: unity is a discipline.,aragorn,story,ego_vs_service,[act=initiation | stage=allies | spoke=6 | source=aragorn | workstream=story | psych_axis=ego_vs_service] :: I hold the fellowship together when it starts to fracture: unity is a discipline.
446,allies,6,initiation,I treat rivals with dignity; I don’t need dominance to lead.,aragorn,lmb,domination_vs_compassion,[act=initiation | stage=allies | spoke=6 | source=aragorn | workstream=lmb | psych_axis=domination_vs_compassion] :: I treat rivals with dignity; I don’t need dominance to lead.
447,approach,7,initiation,"I take the mantle reluctantly but decisively; leadership becomes chosen, not inherited.",aragorn,spiritual,control_vs_autonomy,"[act=initiation | stage=approach | spoke=7 | source=aragorn | workstream=spiritual | psych_axis=control_vs_autonomy] :: I take the mantle reluctantly but decisively; leadership becomes chosen, not inherited."
448,approach,7,initiation,"I tighten my inner standard: no reactive pride, no self-pity—only the next right move.",aragorn,lmb,ego_vs_discipline,"[act=initiation | stage=approach | spoke=7 | source=aragorn | workstream=lmb | psych_axis=ego_vs_discipline] :: I tighten my inner standard: no reactive pride, no self-pity—only the next right move."
449,approach,7,initiation,"I prepare for war by strengthening the bonds, not the image.",aragorn,career,image_vs_integrity,"[act=initiation | stage=approach | spoke=7 | source=aragorn | workstream=career | psych_axis=image_vs_integrity] :: I prepare for war by strengthening the bonds, not the image."
450,approach,7,initiation,"I keep my hands on the map: logistics, timing, and clear intent under pressure.",aragorn,career,chaos_vs_structure,"[act=initiation | stage=approach | spoke=7 | source=aragorn | workstream=career | psych_axis=chaos_vs_structure] :: I keep my hands on the map: logistics, timing, and clear intent under pressure."
451,ordeal,8,initiation,I face the fear: ‘What if I become Isildur?’ and still choose the path.,aragorn,spiritual,fear_vs_action,[act=initiation | stage=ordeal | spoke=8 | source=aragorn | workstream=spiritual | psych_axis=fear_vs_action] :: I face the fear: ‘What if I become Isildur?’ and still choose the path.
452,ordeal,8,initiation,I meet the temptation of power and refuse it; the ring is my shadow test.,aragorn,spiritual,domination_vs_compassion,[act=initiation | stage=ordeal | spoke=8 | source=aragorn | workstream=spiritual | psych_axis=domination_vs_compassion] :: I meet the temptation of power and refuse it; the ring is my shadow test.
453,ordeal,8,initiation,I risk being misunderstood and lead anyway; approval is not the mission.,aragorn,lmb,image_vs_integrity,[act=initiation | stage=ordeal | spoke=8 | source=aragorn | workstream=lmb | psych_axis=image_vs_integrity] :: I risk being misunderstood and lead anyway; approval is not the mission.
454,reward,9,initiation,I feel a clean authority: strength without cruelty.,aragorn,lmb,domination_vs_compassion,[act=initiation | stage=reward | spoke=9 | source=aragorn | workstream=lmb | psych_axis=domination_vs_compassion] :: I feel a clean authority: strength without cruelty.
455,reward,9,initiation,Hope spreads because I hold the line; steadiness becomes contagious.,aragorn,story,ego_vs_service,[act=initiation | stage=reward | spoke=9 | source=aragorn | workstream=story | psych_axis=ego_vs_service] :: Hope spreads because I hold the line; steadiness becomes contagious.
456,reward,9,initiation,"I learn that true masculinity is ordered: protect, create, serve, love.",aragorn,spiritual,ego_vs_service,"[act=initiation | stage=reward | spoke=9 | source=aragorn | workstream=spiritual | psych_axis=ego_vs_service] :: I learn that true masculinity is ordered: protect, create, serve, love."
457,return,10,return,I return to the city as the same man—just finally named.,aragorn,story,image_vs_integrity,[act=return | stage=return | spoke=10 | source=aragorn | workstream=story | psych_axis=image_vs_integrity] :: I return to the city as the same man—just finally named.
458,return,10,return,"I stop avoiding the role and start embodying it daily: small duties, kept promises.",aragorn,lmb,ego_vs_discipline,"[act=return | stage=return | spoke=10 | source=aragorn | workstream=lmb | psych_axis=ego_vs_discipline] :: I stop avoiding the role and start embodying it daily: small duties, kept promises."
459,return,10,return,"I lead in daylight with consistency; reputation becomes a byproduct, not a target.",aragorn,career,image_vs_integrity,"[act=return | stage=return | spoke=10 | source=aragorn | workstream=career | psych_axis=image_vs_integrity] :: I lead in daylight with consistency; reputation becomes a byproduct, not a target."
460,integration,11,return,"I can feel grief, tenderness, and rage without losing my center.",aragorn,lmb,numbness_vs_presence,"[act=return | stage=integration | spoke=11 | source=aragorn | workstream=lmb | psych_axis=numbness_vs_presence] :: I can feel grief, tenderness, and rage without losing my center."
461,integration,11,return,I balance solitude and brotherhood; inner mastery supports outer love.,aragorn,spiritual,certainty_vs_trust,[act=return | stage=integration | spoke=11 | source=aragorn | workstream=spiritual | psych_axis=certainty_vs_trust] :: I balance solitude and brotherhood; inner mastery supports outer love.
462,integration,11,return,I become ‘king’ without losing ‘ranger’: power stays grounded in humility.,aragorn,spiritual,domination_vs_compassion,[act=return | stage=integration | spoke=11 | source=aragorn | workstream=spiritual | psych_axis=domination_vs_compassion] :: I become ‘king’ without losing ‘ranger’: power stays grounded in humility.
463,elixir,12,return,"I leave a model: reluctant authority, fierce protection, gentle dignity.",aragorn,lmb,ego_vs_service,"[act=return | stage=elixir | spoke=12 | source=aragorn | workstream=lmb | psych_axis=ego_vs_service] :: I leave a model: reluctant authority, fierce protection, gentle dignity."
464,elixir,12,return,I pass on the creed: be worthy of the crown before you ever wear it.,aragorn,spiritual,ego_vs_discipline,[act=return | stage=elixir | spoke=12 | source=aragorn | workstream=spiritual | psych_axis=ego_vs_discipline] :: I pass on the creed: be worthy of the crown before you ever wear it.
465,elixir,12,return,I teach men to stop begging for status and start building character that others can feel.,aragorn,lmb,image_vs_integrity,[act=return | stage=elixir | spoke=12 | source=aragorn | workstream=lmb | psych_axis=image_vs_integrity] :: I teach men to stop begging for status and start building character that others can feel.
466,allies,6,initiation,I honor women without manipulation: love that wills the good of the other.,aragorn,dating,attachment_vs_love,[act=initiation | stage=allies | spoke=6 | source=aragorn | workstream=dating | psych_axis=attachment_vs_love] :: I honor women without manipulation: love that wills the good of the other.
467,tests,6,initiation,I reject lust as leadership; desire is real but it doesn’t steer the mission.,aragorn,dating,attachment_vs_love,[act=initiation | stage=tests | spoke=6 | source=aragorn | workstream=dating | psych_axis=attachment_vs_love] :: I reject lust as leadership; desire is real but it doesn’t steer the mission.
468,approach,7,initiation,I choose the long love: sacrifice now so the other can flourish.,aragorn,dating,attachment_vs_love,[act=initiation | stage=approach | spoke=7 | source=aragorn | workstream=dating | psych_axis=attachment_vs_love] :: I choose the long love: sacrifice now so the other can flourish.
469,return,10,return,"I keep romance clean—no triangulation, no ego games—only commitment and care.",aragorn,dating,attachment_vs_love,"[act=return | stage=return | spoke=10 | source=aragorn | workstream=dating | psych_axis=attachment_vs_love] :: I keep romance clean—no triangulation, no ego games—only commitment and care."
470,elixir,12,return,I leave a dating standard: strength is calm boundaries plus reverence for the feminine.,aragorn,dating,attachment_vs_love,[act=return | stage=elixir | spoke=12 | source=aragorn | workstream=dating | psych_axis=attachment_vs_love] :: I leave a dating standard: strength is calm boundaries plus reverence for the feminine.
471,refusal,3,departure,"I sense the Force, but I keep trying to control it with my mind.",star_wars,lmb,control_vs_autonomy,"[act=departure | stage=refusal | spoke=3 | source=star_wars | workstream=lmb | psych_axis=control_vs_autonomy] :: I sense the Force, but I keep trying to control it with my mind."
472,refusal,3,departure,"I want power to feel safe, and I call it ‘justice.’",star_wars,spiritual,control_vs_autonomy,"[act=departure | stage=refusal | spoke=3 | source=star_wars | workstream=spiritual | psych_axis=control_vs_autonomy] :: I want power to feel safe, and I call it ‘justice.’"
473,refusal,3,departure,I mistake emotional suppression for peace.,star_wars,lmb,numbness_vs_presence,[act=departure | stage=refusal | spoke=3 | source=star_wars | workstream=lmb | psych_axis=numbness_vs_presence] :: I mistake emotional suppression for peace.
474,refusal,3,departure,I trust the institution’s code more than the living signal in my body.,star_wars,career,structure_vs_freedom,[act=departure | stage=refusal | spoke=3 | source=star_wars | workstream=career | psych_axis=structure_vs_freedom] :: I trust the institution’s code more than the living signal in my body.
475,refusal,3,departure,I keep waiting for a master to ‘make me ready’ instead of training today.,star_wars,fitness,practice_vs_fantasy,[act=departure | stage=refusal | spoke=3 | source=star_wars | workstream=fitness | psych_axis=practice_vs_fantasy] :: I keep waiting for a master to ‘make me ready’ instead of training today.
476,call,2,departure,A mentor-frame appears: power without compassion is a trap.,star_wars,spiritual,domination_vs_compassion,[act=departure | stage=call | spoke=2 | source=star_wars | workstream=spiritual | psych_axis=domination_vs_compassion] :: A mentor-frame appears: power without compassion is a trap.
477,call,2,departure,I notice fear underneath my love: I’m terrified of losing what I can’t control.,star_wars,lmb,attachment_vs_love,[act=departure | stage=call | spoke=2 | source=star_wars | workstream=lmb | psych_axis=attachment_vs_love] :: I notice fear underneath my love: I’m terrified of losing what I can’t control.
478,call,2,departure,"The question lands: am I seeking peace, or seeking control that feels like peace?",star_wars,spiritual,control_vs_autonomy,"[act=departure | stage=call | spoke=2 | source=star_wars | workstream=spiritual | psych_axis=control_vs_autonomy] :: The question lands: am I seeking peace, or seeking control that feels like peace?"
479,call,2,departure,"I see the pattern: when I rush, I lose presence.",star_wars,lmb,numbness_vs_presence,"[act=departure | stage=call | spoke=2 | source=star_wars | workstream=lmb | psych_axis=numbness_vs_presence] :: I see the pattern: when I rush, I lose presence."
480,call,2,departure,I realize the ‘dark side’ isn’t a monster; it’s my unowned fear wearing armor.,star_wars,spiritual,projection_vs_ownership,[act=departure | stage=call | spoke=2 | source=star_wars | workstream=spiritual | psych_axis=projection_vs_ownership] :: I realize the ‘dark side’ isn’t a monster; it’s my unowned fear wearing armor.
481,threshold,5,departure,"I accept training as humility: slow reps, patience, breath.",star_wars,fitness,practice_vs_fantasy,"[act=departure | stage=threshold | spoke=5 | source=star_wars | workstream=fitness | psych_axis=practice_vs_fantasy] :: I accept training as humility: slow reps, patience, breath."
482,threshold,5,departure,I stop chasing a dramatic breakthrough and commit to daily practice.,star_wars,lmb,practice_vs_fantasy,[act=departure | stage=threshold | spoke=5 | source=star_wars | workstream=lmb | psych_axis=practice_vs_fantasy] :: I stop chasing a dramatic breakthrough and commit to daily practice.
483,threshold,5,departure,I enter the cave: I’m willing to meet what I’ve been avoiding.,star_wars,spiritual,comfort_vs_truth,[act=departure | stage=threshold | spoke=5 | source=star_wars | workstream=spiritual | psych_axis=comfort_vs_truth] :: I enter the cave: I’m willing to meet what I’ve been avoiding.
484,threshold,5,departure,I choose the hard truth: the enemy might be my own face behind the mask.,star_wars,lmb,projection_vs_ownership,[act=departure | stage=threshold | spoke=5 | source=star_wars | workstream=lmb | psych_axis=projection_vs_ownership] :: I choose the hard truth: the enemy might be my own face behind the mask.
485,tests,6,initiation,I get impatient and notice it’s just ego trying to outrun discomfort.,star_wars,lmb,ego_vs_discipline,[act=initiation | stage=tests | spoke=6 | source=star_wars | workstream=lmb | psych_axis=ego_vs_discipline] :: I get impatient and notice it’s just ego trying to outrun discomfort.
486,tests,6,initiation,I practice being present: ‘never my mind on where I was’ becomes a daily drill.,star_wars,spiritual,numbness_vs_presence,[act=initiation | stage=tests | spoke=6 | source=star_wars | workstream=spiritual | psych_axis=numbness_vs_presence] :: I practice being present: ‘never my mind on where I was’ becomes a daily drill.
487,tests,6,initiation,"I learn that calm first, then action—passivity becomes timing.",star_wars,lmb,fear_vs_action,"[act=initiation | stage=tests | spoke=6 | source=star_wars | workstream=lmb | psych_axis=fear_vs_action] :: I learn that calm first, then action—passivity becomes timing."
488,tests,6,initiation,I watch fear amplify in my chest and choose the next clean breath.,star_wars,lmb,fear_vs_action,[act=initiation | stage=tests | spoke=6 | source=star_wars | workstream=lmb | psych_axis=fear_vs_action] :: I watch fear amplify in my chest and choose the next clean breath.
489,tests,6,initiation,I meet the temptation to strike first; I label it ‘the illusion of control.’,star_wars,spiritual,control_vs_autonomy,[act=initiation | stage=tests | spoke=6 | source=star_wars | workstream=spiritual | psych_axis=control_vs_autonomy] :: I meet the temptation to strike first; I label it ‘the illusion of control.’
490,tests,6,initiation,I notice how quickly love can turn into possession if I’m activated.,star_wars,dating,attachment_vs_love,[act=initiation | stage=tests | spoke=6 | source=star_wars | workstream=dating | psych_axis=attachment_vs_love] :: I notice how quickly love can turn into possession if I’m activated.
491,tests,6,initiation,I see how shame and rejection make me reach for authoritarian certainty.,star_wars,spiritual,certainty_vs_trust,[act=initiation | stage=tests | spoke=6 | source=star_wars | workstream=spiritual | psych_axis=certainty_vs_trust] :: I see how shame and rejection make me reach for authoritarian certainty.
492,tests,6,initiation,I practice restraint: strength without restraint is just panic with a sword.,star_wars,lmb,ego_vs_discipline,[act=initiation | stage=tests | spoke=6 | source=star_wars | workstream=lmb | psych_axis=ego_vs_discipline] :: I practice restraint: strength without restraint is just panic with a sword.
493,allies,6,initiation,A true mentor doesn’t feed my ego; he trains my patience.,star_wars,spiritual,mentorship_vs_dependence,[act=initiation | stage=allies | spoke=6 | source=star_wars | workstream=spiritual | psych_axis=mentorship_vs_dependence] :: A true mentor doesn’t feed my ego; he trains my patience.
494,allies,6,initiation,"I find the Qui-Gon archetype: intuition, compassion, and refusal to be owned by bureaucracy.",star_wars,story,structure_vs_freedom,"[act=initiation | stage=allies | spoke=6 | source=star_wars | workstream=story | psych_axis=structure_vs_freedom] :: I find the Qui-Gon archetype: intuition, compassion, and refusal to be owned by bureaucracy."
495,allies,6,initiation,I accept witnesses who reflect the real me back when rumors distort.,star_wars,lmb,projection_vs_ownership,[act=initiation | stage=allies | spoke=6 | source=star_wars | workstream=lmb | psych_axis=projection_vs_ownership] :: I accept witnesses who reflect the real me back when rumors distort.
496,allies,6,initiation,I build a circle that values compassion over status.,star_wars,lmb,domination_vs_compassion,[act=initiation | stage=allies | spoke=6 | source=star_wars | workstream=lmb | psych_axis=domination_vs_compassion] :: I build a circle that values compassion over status.
497,allies,6,initiation,I let guidance land without needing to argue for my image.,star_wars,career,image_vs_integrity,[act=initiation | stage=allies | spoke=6 | source=star_wars | workstream=career | psych_axis=image_vs_integrity] :: I let guidance land without needing to argue for my image.
498,approach,7,initiation,"I map the trap: the ‘triangle’—authority above, wounded father, tempted son.",star_wars,story,structure_vs_freedom,"[act=initiation | stage=approach | spoke=7 | source=star_wars | workstream=story | psych_axis=structure_vs_freedom] :: I map the trap: the ‘triangle’—authority above, wounded father, tempted son."
499,approach,7,initiation,I prepare for the test by tightening my inner criteria: compassion first.,star_wars,spiritual,domination_vs_compassion,[act=initiation | stage=approach | spoke=7 | source=star_wars | workstream=spiritual | psych_axis=domination_vs_compassion] :: I prepare for the test by tightening my inner criteria: compassion first.
500,approach,7,initiation,I stop confusing ‘order’ with ‘balance’—balance is living responsiveness.,star_wars,spiritual,control_vs_autonomy,[act=initiation | stage=approach | spoke=7 | source=star_wars | workstream=spiritual | psych_axis=control_vs_autonomy] :: I stop confusing ‘order’ with ‘balance’—balance is living responsiveness.
501,approach,7,initiation,I treat my nervous system like a Jedi temple: keep it clean or it turns political.,star_wars,lmb,chaos_vs_structure,[act=initiation | stage=approach | spoke=7 | source=star_wars | workstream=lmb | psych_axis=chaos_vs_structure] :: I treat my nervous system like a Jedi temple: keep it clean or it turns political.
502,approach,7,initiation,I plan for chaos instead of trying to dominate it.,star_wars,career,control_vs_autonomy,[act=initiation | stage=approach | spoke=7 | source=star_wars | workstream=career | psych_axis=control_vs_autonomy] :: I plan for chaos instead of trying to dominate it.
503,approach,7,initiation,I choose to lead myself through uncertainty rather than demand certainty.,star_wars,lmb,certainty_vs_trust,[act=initiation | stage=approach | spoke=7 | source=star_wars | workstream=lmb | psych_axis=certainty_vs_trust] :: I choose to lead myself through uncertainty rather than demand certainty.
504,ordeal,8,initiation,"I feel rage rise, and I see how ‘righteous’ hate still burns the same.",star_wars,spiritual,domination_vs_compassion,"[act=initiation | stage=ordeal | spoke=8 | source=star_wars | workstream=spiritual | psych_axis=domination_vs_compassion] :: I feel rage rise, and I see how ‘righteous’ hate still burns the same."
505,ordeal,8,initiation,I watch myself become what I’m fighting and I stop mid-swing.,star_wars,lmb,projection_vs_ownership,[act=initiation | stage=ordeal | spoke=8 | source=star_wars | workstream=lmb | psych_axis=projection_vs_ownership] :: I watch myself become what I’m fighting and I stop mid-swing.
506,ordeal,8,initiation,I face the attachment wound: fear of loss pretending to be love.,star_wars,lmb,attachment_vs_love,[act=initiation | stage=ordeal | spoke=8 | source=star_wars | workstream=lmb | psych_axis=attachment_vs_love] :: I face the attachment wound: fear of loss pretending to be love.
507,ordeal,8,initiation,I confront the moment of execution—when I justify a line I can’t un-cross.,star_wars,spiritual,comfort_vs_truth,[act=initiation | stage=ordeal | spoke=8 | source=star_wars | workstream=spiritual | psych_axis=comfort_vs_truth] :: I confront the moment of execution—when I justify a line I can’t un-cross.
508,ordeal,8,initiation,I feel the humiliation of not being ‘made master’ and notice the ego fracture.,star_wars,career,ego_vs_discipline,[act=initiation | stage=ordeal | spoke=8 | source=star_wars | workstream=career | psych_axis=ego_vs_discipline] :: I feel the humiliation of not being ‘made master’ and notice the ego fracture.
509,ordeal,8,initiation,I see how institutions can weaponize ‘duty’ while quietly asking for deceit.,star_wars,career,structure_vs_freedom,[act=initiation | stage=ordeal | spoke=8 | source=star_wars | workstream=career | psych_axis=structure_vs_freedom] :: I see how institutions can weaponize ‘duty’ while quietly asking for deceit.
510,ordeal,8,initiation,"I face the moral algebra: millions harmed, and yet the human behind the mask remains.",star_wars,spiritual,domination_vs_compassion,"[act=initiation | stage=ordeal | spoke=8 | source=star_wars | workstream=spiritual | psych_axis=domination_vs_compassion] :: I face the moral algebra: millions harmed, and yet the human behind the mask remains."
511,ordeal,8,initiation,I feel the urge to kneel to the villain just to stop the inner conflict.,star_wars,lmb,fear_vs_action,[act=initiation | stage=ordeal | spoke=8 | source=star_wars | workstream=lmb | psych_axis=fear_vs_action] :: I feel the urge to kneel to the villain just to stop the inner conflict.
512,reward,9,initiation,I recognize the key insight: a Jedi’s true power is letting go.,star_wars,spiritual,control_vs_autonomy,[act=initiation | stage=reward | spoke=9 | source=star_wars | workstream=spiritual | psych_axis=control_vs_autonomy] :: I recognize the key insight: a Jedi’s true power is letting go.
513,reward,9,initiation,I feel peace when I stop trying to force outcomes.,star_wars,spiritual,control_vs_autonomy,[act=initiation | stage=reward | spoke=9 | source=star_wars | workstream=spiritual | psych_axis=control_vs_autonomy] :: I feel peace when I stop trying to force outcomes.
514,reward,9,initiation,"I learn the difference: passion consumes, compassion frees.",star_wars,spiritual,domination_vs_compassion,"[act=initiation | stage=reward | spoke=9 | source=star_wars | workstream=spiritual | psych_axis=domination_vs_compassion] :: I learn the difference: passion consumes, compassion frees."
515,reward,9,initiation,I see that the Force repeats the lesson until I finally learn it.,star_wars,lmb,practice_vs_fantasy,[act=initiation | stage=reward | spoke=9 | source=star_wars | workstream=lmb | psych_axis=practice_vs_fantasy] :: I see that the Force repeats the lesson until I finally learn it.
516,reward,9,initiation,I notice my body relax when I choose mercy over domination.,star_wars,lmb,domination_vs_compassion,[act=initiation | stage=reward | spoke=9 | source=star_wars | workstream=lmb | psych_axis=domination_vs_compassion] :: I notice my body relax when I choose mercy over domination.
517,return,10,return,I throw away the weapon: I refuse to win the wrong way.,star_wars,spiritual,domination_vs_compassion,[act=return | stage=return | spoke=10 | source=star_wars | workstream=spiritual | psych_axis=domination_vs_compassion] :: I throw away the weapon: I refuse to win the wrong way.
518,return,10,return,I stop trying to control perception; I focus on consistent deeds.,star_wars,lmb,image_vs_integrity,[act=return | stage=return | spoke=10 | source=star_wars | workstream=lmb | psych_axis=image_vs_integrity] :: I stop trying to control perception; I focus on consistent deeds.
519,return,10,return,I rebuild the ‘order’ from the inside: compassion as the operating system.,star_wars,career,domination_vs_compassion,[act=return | stage=return | spoke=10 | source=star_wars | workstream=career | psych_axis=domination_vs_compassion] :: I rebuild the ‘order’ from the inside: compassion as the operating system.
520,return,10,return,I lead with calm clarity; my presence becomes the proof.,star_wars,lmb,numbness_vs_presence,[act=return | stage=return | spoke=10 | source=star_wars | workstream=lmb | psych_axis=numbness_vs_presence] :: I lead with calm clarity; my presence becomes the proof.
521,return,10,return,I refuse the cycle: I won’t repeat my father’s mistake just to feel strong.,star_wars,story,projection_vs_ownership,[act=return | stage=return | spoke=10 | source=star_wars | workstream=story | psych_axis=projection_vs_ownership] :: I refuse the cycle: I won’t repeat my father’s mistake just to feel strong.
522,integration,11,return,I can feel fear of loss without turning it into possession.,star_wars,dating,attachment_vs_love,[act=return | stage=integration | spoke=11 | source=star_wars | workstream=dating | psych_axis=attachment_vs_love] :: I can feel fear of loss without turning it into possession.
523,integration,11,return,I hold grief without needing vengeance to justify it.,star_wars,spiritual,domination_vs_compassion,[act=return | stage=integration | spoke=11 | source=star_wars | workstream=spiritual | psych_axis=domination_vs_compassion] :: I hold grief without needing vengeance to justify it.
524,integration,11,return,"I accept that love is freedom, not control.",star_wars,spiritual,attachment_vs_love,"[act=return | stage=integration | spoke=11 | source=star_wars | workstream=spiritual | psych_axis=attachment_vs_love] :: I accept that love is freedom, not control."
525,integration,11,return,"I practice inner peace as a skill: patience, presence, and restraint.",star_wars,fitness,practice_vs_fantasy,"[act=return | stage=integration | spoke=11 | source=star_wars | workstream=fitness | psych_axis=practice_vs_fantasy] :: I practice inner peace as a skill: patience, presence, and restraint."
526,integration,11,return,I stop calling rigidity ‘discipline’—real discipline stays compassionate.,star_wars,lmb,ego_vs_discipline,[act=return | stage=integration | spoke=11 | source=star_wars | workstream=lmb | psych_axis=ego_vs_discipline] :: I stop calling rigidity ‘discipline’—real discipline stays compassionate.
527,elixir,12,return,I bring back the creed: compassion is the highest form of strength.,star_wars,spiritual,domination_vs_compassion,[act=return | stage=elixir | spoke=12 | source=star_wars | workstream=spiritual | psych_axis=domination_vs_compassion] :: I bring back the creed: compassion is the highest form of strength.
528,elixir,12,return,I pass on a warning: pride blinds institutions long before they collapse.,star_wars,career,ego_vs_discipline,[act=return | stage=elixir | spoke=12 | source=star_wars | workstream=career | psych_axis=ego_vs_discipline] :: I pass on a warning: pride blinds institutions long before they collapse.
529,elixir,12,return,"I leave a protocol: notice the fear, name the control-impulse, choose the merciful next move.",star_wars,lmb,fear_vs_action,"[act=return | stage=elixir | spoke=12 | source=star_wars | workstream=lmb | psych_axis=fear_vs_action] :: I leave a protocol: notice the fear, name the control-impulse, choose the merciful next move."
530,elixir,12,return,I teach the paradox: you win by refusing to become the thing you hate.,star_wars,spiritual,projection_vs_ownership,[act=return | stage=elixir | spoke=12 | source=star_wars | workstream=spiritual | psych_axis=projection_vs_ownership] :: I teach the paradox: you win by refusing to become the thing you hate.
531,refusal,3,departure,I decorate my life to look successful while my soul stays sleepless.,fight_club_revisited,lmb,image_vs_integrity,[act=departure | stage=refusal | spoke=3 | source=fight_club_revisited | workstream=lmb | psych_axis=image_vs_integrity] :: I decorate my life to look successful while my soul stays sleepless.
532,refusal,3,departure,I buy identities off a catalogue and wonder why I feel empty.,fight_club_revisited,story,image_vs_integrity,[act=departure | stage=refusal | spoke=3 | source=fight_club_revisited | workstream=story | psych_axis=image_vs_integrity] :: I buy identities off a catalogue and wonder why I feel empty.
533,refusal,3,departure,"I substitute meaning with status, likes, and aesthetics.",fight_club_revisited,lmb,image_vs_integrity,"[act=departure | stage=refusal | spoke=3 | source=fight_club_revisited | workstream=lmb | psych_axis=image_vs_integrity] :: I substitute meaning with status, likes, and aesthetics."
534,refusal,3,departure,I process pain as spreadsheets and call it ‘professionalism.’,fight_club_revisited,career,numbness_vs_presence,[act=departure | stage=refusal | spoke=3 | source=fight_club_revisited | workstream=career | psych_axis=numbness_vs_presence] :: I process pain as spreadsheets and call it ‘professionalism.’
535,refusal,3,departure,"I numb out to survive, then resent the numbness.",fight_club_revisited,lmb,numbness_vs_presence,"[act=departure | stage=refusal | spoke=3 | source=fight_club_revisited | workstream=lmb | psych_axis=numbness_vs_presence] :: I numb out to survive, then resent the numbness."
536,call,2,departure,Insomnia becomes a message: the false life can’t let me rest.,fight_club_revisited,spiritual,comfort_vs_truth,[act=departure | stage=call | spoke=2 | source=fight_club_revisited | workstream=spiritual | psych_axis=comfort_vs_truth] :: Insomnia becomes a message: the false life can’t let me rest.
537,call,2,departure,I go looking for real feeling and end up borrowing suffering.,fight_club_revisited,lmb,comfort_vs_truth,[act=departure | stage=call | spoke=2 | source=fight_club_revisited | workstream=lmb | psych_axis=comfort_vs_truth] :: I go looking for real feeling and end up borrowing suffering.
538,call,2,departure,I realize the strongest addiction isn’t pleasure—it’s numbness.,fight_club_revisited,spiritual,numbness_vs_presence,[act=departure | stage=call | spoke=2 | source=fight_club_revisited | workstream=spiritual | psych_axis=numbness_vs_presence] :: I realize the strongest addiction isn’t pleasure—it’s numbness.
539,call,2,departure,A shadow-teacher appears: the part of me that refuses domestication.,fight_club_revisited,story,projection_vs_ownership,[act=departure | stage=call | spoke=2 | source=fight_club_revisited | workstream=story | psych_axis=projection_vs_ownership] :: A shadow-teacher appears: the part of me that refuses domestication.
540,call,2,departure,"I hear the diagnosis: my great war is spiritual, not social.",fight_club_revisited,spiritual,comfort_vs_truth,"[act=departure | stage=call | spoke=2 | source=fight_club_revisited | workstream=spiritual | psych_axis=comfort_vs_truth] :: I hear the diagnosis: my great war is spiritual, not social."
541,threshold,5,departure,I accept pain as a doorway back to presence—sensation over sedation.,fight_club_revisited,lmb,numbness_vs_presence,[act=departure | stage=threshold | spoke=5 | source=fight_club_revisited | workstream=lmb | psych_axis=numbness_vs_presence] :: I accept pain as a doorway back to presence—sensation over sedation.
542,threshold,5,departure,I let my constructed identity burn so something real can breathe.,fight_club_revisited,spiritual,image_vs_integrity,[act=departure | stage=threshold | spoke=5 | source=fight_club_revisited | workstream=spiritual | psych_axis=image_vs_integrity] :: I let my constructed identity burn so something real can breathe.
543,threshold,5,departure,I stop asking what I should be and start meeting what I am.,fight_club_revisited,lmb,projection_vs_ownership,[act=departure | stage=threshold | spoke=5 | source=fight_club_revisited | workstream=lmb | psych_axis=projection_vs_ownership] :: I stop asking what I should be and start meeting what I am.
544,tests,6,initiation,I confront the persona: the mask that makes a good impression while hiding the self.,fight_club_revisited,spiritual,image_vs_integrity,[act=initiation | stage=tests | spoke=6 | source=fight_club_revisited | workstream=spiritual | psych_axis=image_vs_integrity] :: I confront the persona: the mask that makes a good impression while hiding the self.
545,tests,6,initiation,I notice how quickly ‘freedom’ can become another performance.,fight_club_revisited,lmb,image_vs_integrity,[act=initiation | stage=tests | spoke=6 | source=fight_club_revisited | workstream=lmb | psych_axis=image_vs_integrity] :: I notice how quickly ‘freedom’ can become another performance.
546,tests,6,initiation,I learn the shadow doesn’t vanish when ignored—it grows denser.,fight_club_revisited,spiritual,projection_vs_ownership,[act=initiation | stage=tests | spoke=6 | source=fight_club_revisited | workstream=spiritual | psych_axis=projection_vs_ownership] :: I learn the shadow doesn’t vanish when ignored—it grows denser.
547,tests,6,initiation,"I see my shadow traits as energy to integrate, not an enemy to exile.",fight_club_revisited,lmb,projection_vs_ownership,"[act=initiation | stage=tests | spoke=6 | source=fight_club_revisited | workstream=lmb | psych_axis=projection_vs_ownership] :: I see my shadow traits as energy to integrate, not an enemy to exile."
548,tests,6,initiation,I watch belonging seduce men with empty vaults; hunger joins tribes.,fight_club_revisited,story,mentorship_vs_dependence,[act=initiation | stage=tests | spoke=6 | source=fight_club_revisited | workstream=story | psych_axis=mentorship_vs_dependence] :: I watch belonging seduce men with empty vaults; hunger joins tribes.
549,tests,6,initiation,I notice how rules multiply when fear takes over a movement.,fight_club_revisited,career,structure_vs_freedom,[act=initiation | stage=tests | spoke=6 | source=fight_club_revisited | workstream=career | psych_axis=structure_vs_freedom] :: I notice how rules multiply when fear takes over a movement.
550,allies,6,initiation,A brotherhood forms: men seeking meaning in a world that numbed them.,fight_club_revisited,story,ego_vs_service,[act=initiation | stage=allies | spoke=6 | source=fight_club_revisited | workstream=story | psych_axis=ego_vs_service] :: A brotherhood forms: men seeking meaning in a world that numbed them.
551,allies,6,initiation,A mirror-woman appears: she exposes my fraud and wakes my feeling.,fight_club_revisited,dating,image_vs_integrity,[act=initiation | stage=allies | spoke=6 | source=fight_club_revisited | workstream=dating | psych_axis=image_vs_integrity] :: A mirror-woman appears: she exposes my fraud and wakes my feeling.
552,allies,6,initiation,I accept witnesses who see me without feeding my ego.,fight_club_revisited,lmb,mentorship_vs_dependence,[act=initiation | stage=allies | spoke=6 | source=fight_club_revisited | workstream=lmb | psych_axis=mentorship_vs_dependence] :: I accept witnesses who see me without feeding my ego.
553,approach,7,initiation,I ask the real question: what am I willing to suffer for—and why?,fight_club_revisited,spiritual,ego_vs_discipline,[act=initiation | stage=approach | spoke=7 | source=fight_club_revisited | workstream=spiritual | psych_axis=ego_vs_discipline] :: I ask the real question: what am I willing to suffer for—and why?
554,approach,7,initiation,"I recognize initiation hunger: without rites, men invent them.",fight_club_revisited,story,practice_vs_fantasy,"[act=initiation | stage=approach | spoke=7 | source=fight_club_revisited | workstream=story | psych_axis=practice_vs_fantasy] :: I recognize initiation hunger: without rites, men invent them."
555,approach,7,initiation,"I plan to channel aggression into craft: lift, build, ship—don’t vandalize.",fight_club_revisited,career,practice_vs_fantasy,"[act=initiation | stage=approach | spoke=7 | source=fight_club_revisited | workstream=career | psych_axis=practice_vs_fantasy] :: I plan to channel aggression into craft: lift, build, ship—don’t vandalize."
556,approach,7,initiation,"I tighten criteria: authenticity without destruction, freedom without cult.",fight_club_revisited,spiritual,structure_vs_freedom,"[act=initiation | stage=approach | spoke=7 | source=fight_club_revisited | workstream=spiritual | psych_axis=structure_vs_freedom] :: I tighten criteria: authenticity without destruction, freedom without cult."
557,ordeal,8,initiation,I meet the split: the compliant worker vs the anarchist savior.,fight_club_revisited,story,projection_vs_ownership,[act=initiation | stage=ordeal | spoke=8 | source=fight_club_revisited | workstream=story | psych_axis=projection_vs_ownership] :: I meet the split: the compliant worker vs the anarchist savior.
558,ordeal,8,initiation,I realize the shadow can colonize me if I worship it as ‘truth.’,fight_club_revisited,spiritual,projection_vs_ownership,[act=initiation | stage=ordeal | spoke=8 | source=fight_club_revisited | workstream=spiritual | psych_axis=projection_vs_ownership] :: I realize the shadow can colonize me if I worship it as ‘truth.’
559,ordeal,8,initiation,I see radicalization: anger given structure becomes obedience.,fight_club_revisited,story,structure_vs_freedom,[act=initiation | stage=ordeal | spoke=8 | source=fight_club_revisited | workstream=story | psych_axis=structure_vs_freedom] :: I see radicalization: anger given structure becomes obedience.
560,ordeal,8,initiation,"I face the cost: when a friend dies, ideology tries to turn him into a symbol.",fight_club_revisited,spiritual,image_vs_integrity,"[act=initiation | stage=ordeal | spoke=8 | source=fight_club_revisited | workstream=spiritual | psych_axis=image_vs_integrity] :: I face the cost: when a friend dies, ideology tries to turn him into a symbol."
561,ordeal,8,initiation,I watch ‘liberation’ become dehumanizing; the revolution mirrors the prison.,fight_club_revisited,spiritual,domination_vs_compassion,[act=initiation | stage=ordeal | spoke=8 | source=fight_club_revisited | workstream=spiritual | psych_axis=domination_vs_compassion] :: I watch ‘liberation’ become dehumanizing; the revolution mirrors the prison.
562,reward,9,initiation,"I learn shadow integration: dialogue, not domination.",fight_club_revisited,spiritual,domination_vs_compassion,"[act=initiation | stage=reward | spoke=9 | source=fight_club_revisited | workstream=spiritual | psych_axis=domination_vs_compassion] :: I learn shadow integration: dialogue, not domination."
563,reward,9,initiation,I reclaim emotion without outsourcing it to a mask.,fight_club_revisited,lmb,numbness_vs_presence,[act=initiation | stage=reward | spoke=9 | source=fight_club_revisited | workstream=lmb | psych_axis=numbness_vs_presence] :: I reclaim emotion without outsourcing it to a mask.
564,reward,9,initiation,I see projection clearly: what I externalize is usually mine.,fight_club_revisited,spiritual,projection_vs_ownership,[act=initiation | stage=reward | spoke=9 | source=fight_club_revisited | workstream=spiritual | psych_axis=projection_vs_ownership] :: I see projection clearly: what I externalize is usually mine.
565,return,10,return,I stop using rage as identity and start using it as fuel for disciplined action.,fight_club_revisited,lmb,ego_vs_discipline,[act=return | stage=return | spoke=10 | source=fight_club_revisited | workstream=lmb | psych_axis=ego_vs_discipline] :: I stop using rage as identity and start using it as fuel for disciplined action.
566,return,10,return,"I rebuild my life around real connection, not curated self-image.",fight_club_revisited,dating,image_vs_integrity,"[act=return | stage=return | spoke=10 | source=fight_club_revisited | workstream=dating | psych_axis=image_vs_integrity] :: I rebuild my life around real connection, not curated self-image."
567,return,10,return,I choose craft over chaos: systems that outlast moods.,fight_club_revisited,career,chaos_vs_structure,[act=return | stage=return | spoke=10 | source=fight_club_revisited | workstream=career | psych_axis=chaos_vs_structure] :: I choose craft over chaos: systems that outlast moods.
568,integration,11,return,I can hold the shadow’s fire without letting it burn the house down.,fight_club_revisited,lmb,domination_vs_compassion,[act=return | stage=integration | spoke=11 | source=fight_club_revisited | workstream=lmb | psych_axis=domination_vs_compassion] :: I can hold the shadow’s fire without letting it burn the house down.
569,integration,11,return,"I accept wholeness: light and dark conscious, restrained, and directed.",fight_club_revisited,spiritual,domination_vs_compassion,"[act=return | stage=integration | spoke=11 | source=fight_club_revisited | workstream=spiritual | psych_axis=domination_vs_compassion] :: I accept wholeness: light and dark conscious, restrained, and directed."
570,elixir,12,return,"I leave a warning and a map: face the emptiness now, or it will become fate.",fight_club_revisited,spiritual,comfort_vs_truth,"[act=return | stage=elixir | spoke=12 | source=fight_club_revisited | workstream=spiritual | psych_axis=comfort_vs_truth] :: I leave a warning and a map: face the emptiness now, or it will become fate."
571,refusal,3,departure,"I believe I’m free, but I still choose what the system predicts.",matrix_architect,story,structure_vs_freedom,"[act=departure | stage=refusal | spoke=3 | source=matrix_architect | workstream=story | psych_axis=structure_vs_freedom] :: I believe I’m free, but I still choose what the system predicts."
572,refusal,3,departure,I mistake probability for destiny and call it fate.,matrix_architect,spiritual,certainty_vs_trust,[act=departure | stage=refusal | spoke=3 | source=matrix_architect | workstream=spiritual | psych_axis=certainty_vs_trust] :: I mistake probability for destiny and call it fate.
573,refusal,3,departure,I hide inside rational analysis so I don’t have to feel.,matrix_architect,lmb,numbness_vs_presence,[act=departure | stage=refusal | spoke=3 | source=matrix_architect | workstream=lmb | psych_axis=numbness_vs_presence] :: I hide inside rational analysis so I don’t have to feel.
574,call,2,departure,The Architect reveals the pattern: even rebellion can be engineered.,matrix_architect,story,structure_vs_freedom,[act=departure | stage=call | spoke=2 | source=matrix_architect | workstream=story | psych_axis=structure_vs_freedom] :: The Architect reveals the pattern: even rebellion can be engineered.
575,call,2,departure,I see that control often disguises itself as order.,matrix_architect,career,control_vs_autonomy,[act=departure | stage=call | spoke=2 | source=matrix_architect | workstream=career | psych_axis=control_vs_autonomy] :: I see that control often disguises itself as order.
576,call,2,departure,The question lands: will I choose love over systemic efficiency?,matrix_architect,spiritual,attachment_vs_love,[act=departure | stage=call | spoke=2 | source=matrix_architect | workstream=spiritual | psych_axis=attachment_vs_love] :: The question lands: will I choose love over systemic efficiency?
577,threshold,5,departure,I reject the calculated path and follow the human one instead.,matrix_architect,lmb,control_vs_autonomy,[act=departure | stage=threshold | spoke=5 | source=matrix_architect | workstream=lmb | psych_axis=control_vs_autonomy] :: I reject the calculated path and follow the human one instead.
578,threshold,5,departure,I choose the anomaly—care over compliance.,matrix_architect,spiritual,domination_vs_compassion,[act=departure | stage=threshold | spoke=5 | source=matrix_architect | workstream=spiritual | psych_axis=domination_vs_compassion] :: I choose the anomaly—care over compliance.
579,tests,6,initiation,I learn that systems adapt to resistance; freedom requires awareness of structure.,matrix_architect,career,structure_vs_freedom,[act=initiation | stage=tests | spoke=6 | source=matrix_architect | workstream=career | psych_axis=structure_vs_freedom] :: I learn that systems adapt to resistance; freedom requires awareness of structure.
580,tests,6,initiation,I confront the illusion of choice when all options serve the same master.,matrix_architect,story,structure_vs_freedom,[act=initiation | stage=tests | spoke=6 | source=matrix_architect | workstream=story | psych_axis=structure_vs_freedom] :: I confront the illusion of choice when all options serve the same master.
581,tests,6,initiation,I notice how institutions preserve themselves before they preserve truth.,matrix_architect,career,structure_vs_freedom,[act=initiation | stage=tests | spoke=6 | source=matrix_architect | workstream=career | psych_axis=structure_vs_freedom] :: I notice how institutions preserve themselves before they preserve truth.
582,approach,7,initiation,I prepare to act without guarantees; uncertainty becomes the proving ground.,matrix_architect,lmb,certainty_vs_trust,[act=initiation | stage=approach | spoke=7 | source=matrix_architect | workstream=lmb | psych_axis=certainty_vs_trust] :: I prepare to act without guarantees; uncertainty becomes the proving ground.
583,ordeal,8,initiation,I face the choice between saving the many or honoring the one I love.,matrix_architect,spiritual,attachment_vs_love,[act=initiation | stage=ordeal | spoke=8 | source=matrix_architect | workstream=spiritual | psych_axis=attachment_vs_love] :: I face the choice between saving the many or honoring the one I love.
584,reward,9,initiation,I learn that authentic choice disrupts even perfect equations.,matrix_architect,story,control_vs_autonomy,[act=initiation | stage=reward | spoke=9 | source=matrix_architect | workstream=story | psych_axis=control_vs_autonomy] :: I learn that authentic choice disrupts even perfect equations.
585,return,10,return,"I bring back the insight: systems are powerful, but they are not ultimate.",matrix_architect,spiritual,structure_vs_freedom,"[act=return | stage=return | spoke=10 | source=matrix_architect | workstream=spiritual | psych_axis=structure_vs_freedom] :: I bring back the insight: systems are powerful, but they are not ultimate."
586,integration,11,return,I hold logic and compassion together without collapsing into either.,matrix_architect,lmb,domination_vs_compassion,[act=return | stage=integration | spoke=11 | source=matrix_architect | workstream=lmb | psych_axis=domination_vs_compassion] :: I hold logic and compassion together without collapsing into either.
587,elixir,12,return,I teach the lesson: awareness of structure is the first step toward freedom.,matrix_architect,career,structure_vs_freedom,[act=return | stage=elixir | spoke=12 | source=matrix_architect | workstream=career | psych_axis=structure_vs_freedom] :: I teach the lesson: awareness of structure is the first step toward freedom.
588,refusal,3,departure,I wait for prophecy instead of acting from conscience.,matrix_oracle,story,certainty_vs_trust,[act=departure | stage=refusal | spoke=3 | source=matrix_oracle | workstream=story | psych_axis=certainty_vs_trust] :: I wait for prophecy instead of acting from conscience.
589,call,2,departure,The Oracle reminds me: you already made the choice; now understand it.,matrix_oracle,spiritual,control_vs_autonomy,[act=departure | stage=call | spoke=2 | source=matrix_oracle | workstream=spiritual | psych_axis=control_vs_autonomy] :: The Oracle reminds me: you already made the choice; now understand it.
590,call,2,departure,I see that insight is not prediction—it’s clarity about my nature.,matrix_oracle,lmb,control_vs_autonomy,[act=departure | stage=call | spoke=2 | source=matrix_oracle | workstream=lmb | psych_axis=control_vs_autonomy] :: I see that insight is not prediction—it’s clarity about my nature.
591,threshold,5,departure,I step into responsibility for the decision I pretend hasn’t happened yet.,matrix_oracle,spiritual,control_vs_autonomy,[act=departure | stage=threshold | spoke=5 | source=matrix_oracle | workstream=spiritual | psych_axis=control_vs_autonomy] :: I step into responsibility for the decision I pretend hasn’t happened yet.
592,tests,6,initiation,I notice how belief shapes behavior long before evidence appears.,matrix_oracle,story,certainty_vs_trust,[act=initiation | stage=tests | spoke=6 | source=matrix_oracle | workstream=story | psych_axis=certainty_vs_trust] :: I notice how belief shapes behavior long before evidence appears.
593,tests,6,initiation,I confront my need for certainty and practice trust instead.,matrix_oracle,spiritual,certainty_vs_trust,[act=initiation | stage=tests | spoke=6 | source=matrix_oracle | workstream=spiritual | psych_axis=certainty_vs_trust] :: I confront my need for certainty and practice trust instead.
594,allies,6,initiation,"A guide offers cookies, not commandments; wisdom arrives gently.",matrix_oracle,story,mentorship_vs_dependence,"[act=initiation | stage=allies | spoke=6 | source=matrix_oracle | workstream=story | psych_axis=mentorship_vs_dependence] :: A guide offers cookies, not commandments; wisdom arrives gently."
595,approach,7,initiation,I prepare by knowing myself rather than predicting outcomes.,matrix_oracle,lmb,control_vs_autonomy,[act=initiation | stage=approach | spoke=7 | source=matrix_oracle | workstream=lmb | psych_axis=control_vs_autonomy] :: I prepare by knowing myself rather than predicting outcomes.
596,ordeal,8,initiation,I face the cost of believing I am powerless.,matrix_oracle,spiritual,control_vs_autonomy,[act=initiation | stage=ordeal | spoke=8 | source=matrix_oracle | workstream=spiritual | psych_axis=control_vs_autonomy] :: I face the cost of believing I am powerless.
597,reward,9,initiation,I recognize that freedom begins with self-knowledge.,matrix_oracle,lmb,control_vs_autonomy,[act=initiation | stage=reward | spoke=9 | source=matrix_oracle | workstream=lmb | psych_axis=control_vs_autonomy] :: I recognize that freedom begins with self-knowledge.
598,return,10,return,I act with calm certainty; I don’t need to announce my destiny.,matrix_oracle,spiritual,certainty_vs_trust,[act=return | stage=return | spoke=10 | source=matrix_oracle | workstream=spiritual | psych_axis=certainty_vs_trust] :: I act with calm certainty; I don’t need to announce my destiny.
599,integration,11,return,I hold paradox: fate and free will dance in the same room.,matrix_oracle,spiritual,certainty_vs_trust,[act=return | stage=integration | spoke=11 | source=matrix_oracle | workstream=spiritual | psych_axis=certainty_vs_trust] :: I hold paradox: fate and free will dance in the same room.
600,elixir,12,return,I pass on the teaching: know thyself before you try to change the world.,matrix_oracle,spiritual,ego_vs_service,[act=return | stage=elixir | spoke=12 | source=matrix_oracle | workstream=spiritual | psych_axis=ego_vs_service] :: I pass on the teaching: know thyself before you try to change the world.
601,refusal,3,departure,I see the world as hostile code and decide domination is safety.,agent_smith,story,domination_vs_compassion,[act=departure | stage=refusal | spoke=3 | source=agent_smith | workstream=story | psych_axis=domination_vs_compassion] :: I see the world as hostile code and decide domination is safety.
602,call,2,departure,Smith names humanity a virus; I confront my own contempt.,agent_smith,spiritual,domination_vs_compassion,[act=departure | stage=call | spoke=2 | source=agent_smith | workstream=spiritual | psych_axis=domination_vs_compassion] :: Smith names humanity a virus; I confront my own contempt.
603,threshold,5,departure,I feel the temptation to reduce people to problems.,agent_smith,lmb,domination_vs_compassion,[act=departure | stage=threshold | spoke=5 | source=agent_smith | workstream=lmb | psych_axis=domination_vs_compassion] :: I feel the temptation to reduce people to problems.
604,tests,6,initiation,I notice how hatred simplifies complexity into targets.,agent_smith,spiritual,domination_vs_compassion,[act=initiation | stage=tests | spoke=6 | source=agent_smith | workstream=spiritual | psych_axis=domination_vs_compassion] :: I notice how hatred simplifies complexity into targets.
605,tests,6,initiation,I see how resentment multiplies like self-replicating code.,agent_smith,story,domination_vs_compassion,[act=initiation | stage=tests | spoke=6 | source=agent_smith | workstream=story | psych_axis=domination_vs_compassion] :: I see how resentment multiplies like self-replicating code.
606,approach,7,initiation,I prepare to face the part of me that wants annihilation over dialogue.,agent_smith,lmb,domination_vs_compassion,[act=initiation | stage=approach | spoke=7 | source=agent_smith | workstream=lmb | psych_axis=domination_vs_compassion] :: I prepare to face the part of me that wants annihilation over dialogue.
607,ordeal,8,initiation,I meet the mirror: the enemy is my unintegrated will to control.,agent_smith,spiritual,control_vs_autonomy,[act=initiation | stage=ordeal | spoke=8 | source=agent_smith | workstream=spiritual | psych_axis=control_vs_autonomy] :: I meet the mirror: the enemy is my unintegrated will to control.
608,reward,9,initiation,I learn that surrender to truth dissolves the need to dominate.,agent_smith,spiritual,domination_vs_compassion,[act=initiation | stage=reward | spoke=9 | source=agent_smith | workstream=spiritual | psych_axis=domination_vs_compassion] :: I learn that surrender to truth dissolves the need to dominate.
609,return,10,return,I stop fighting shadows externally and integrate them internally.,agent_smith,lmb,projection_vs_ownership,[act=return | stage=return | spoke=10 | source=agent_smith | workstream=lmb | psych_axis=projection_vs_ownership] :: I stop fighting shadows externally and integrate them internally.
610,integration,11,return,I hold power without contempt; strength without dehumanization.,agent_smith,spiritual,domination_vs_compassion,[act=return | stage=integration | spoke=11 | source=agent_smith | workstream=spiritual | psych_axis=domination_vs_compassion] :: I hold power without contempt; strength without dehumanization.
611,elixir,12,return,I bring back a warning: what you hate most can become what you become.,agent_smith,spiritual,projection_vs_ownership,[act=return | stage=elixir | spoke=12 | source=agent_smith | workstream=spiritual | psych_axis=projection_vs_ownership] :: I bring back a warning: what you hate most can become what you become.
612,return,10,return,"I see the sky change color; the world is still structured, but now I can move within it.",matrix_ending,story,structure_vs_freedom,"[act=return | stage=return | spoke=10 | source=matrix_ending | workstream=story | psych_axis=structure_vs_freedom] :: I see the sky change color; the world is still structured, but now I can move within it."
613,integration,11,return,"I fly not as escape, but as symbol: consciousness untethered from fear.",matrix_ending,spiritual,fear_vs_action,"[act=return | stage=integration | spoke=11 | source=matrix_ending | workstream=spiritual | psych_axis=fear_vs_action] :: I fly not as escape, but as symbol: consciousness untethered from fear."
614,elixir,12,return,I leave a promise: the system can be transformed from the inside when enough minds awaken.,matrix_ending,spiritual,ego_vs_service,[act=return | stage=elixir | spoke=12 | source=matrix_ending | workstream=spiritual | psych_axis=ego_vs_service] :: I leave a promise: the system can be transformed from the inside when enough minds awaken.
615,threshold,5,departure,Awakening begins with discomfort.,matrix_atoms,spiritual,comfort_vs_truth,[act=departure | stage=threshold | spoke=5 | source=matrix_atoms | workstream=spiritual | psych_axis=comfort_vs_truth] :: Awakening begins with discomfort.
616,threshold,5,departure,Pain is proof the illusion is cracking.,matrix_atoms,spiritual,comfort_vs_truth,[act=departure | stage=threshold | spoke=5 | source=matrix_atoms | workstream=spiritual | psych_axis=comfort_vs_truth] :: Pain is proof the illusion is cracking.
617,tests,6,initiation,Comfort can be a control mechanism.,matrix_atoms,lmb,control_vs_autonomy,[act=initiation | stage=tests | spoke=6 | source=matrix_atoms | workstream=lmb | psych_axis=control_vs_autonomy] :: Comfort can be a control mechanism.
618,tests,6,initiation,Reassurance can delay autonomy.,matrix_atoms,lmb,certainty_vs_trust,[act=initiation | stage=tests | spoke=6 | source=matrix_atoms | workstream=lmb | psych_axis=certainty_vs_trust] :: Reassurance can delay autonomy.
619,tests,6,initiation,Guidance and manipulation can feel identical.,matrix_atoms,spiritual,mentorship_vs_dependence,[act=initiation | stage=tests | spoke=6 | source=matrix_atoms | workstream=spiritual | psych_axis=mentorship_vs_dependence] :: Guidance and manipulation can feel identical.
620,tests,6,initiation,Access is not freedom.,matrix_atoms,career,structure_vs_freedom,[act=initiation | stage=tests | spoke=6 | source=matrix_atoms | workstream=career | psych_axis=structure_vs_freedom] :: Access is not freedom.
621,tests,6,initiation,Causality can masquerade as inevitability.,matrix_atoms,spiritual,certainty_vs_trust,[act=initiation | stage=tests | spoke=6 | source=matrix_atoms | workstream=spiritual | psych_axis=certainty_vs_trust] :: Causality can masquerade as inevitability.
622,tests,6,initiation,Participation sustains the system.,matrix_atoms,career,structure_vs_freedom,[act=initiation | stage=tests | spoke=6 | source=matrix_atoms | workstream=career | psych_axis=structure_vs_freedom] :: Participation sustains the system.
623,tests,6,initiation,Labels classify but do not connect.,matrix_atoms,lmb,image_vs_integrity,[act=initiation | stage=tests | spoke=6 | source=matrix_atoms | workstream=lmb | psych_axis=image_vs_integrity] :: Labels classify but do not connect.
624,tests,6,initiation,Identity can be assigned before it is chosen.,matrix_atoms,lmb,image_vs_integrity,[act=initiation | stage=tests | spoke=6 | source=matrix_atoms | workstream=lmb | psych_axis=image_vs_integrity] :: Identity can be assigned before it is chosen.
625,tests,6,initiation,Belief shapes perception before evidence appears.,matrix_atoms,spiritual,certainty_vs_trust,[act=initiation | stage=tests | spoke=6 | source=matrix_atoms | workstream=spiritual | psych_axis=certainty_vs_trust] :: Belief shapes perception before evidence appears.
626,approach,7,initiation,True choice disrupts prediction.,matrix_atoms,story,control_vs_autonomy,[act=initiation | stage=approach | spoke=7 | source=matrix_atoms | workstream=story | psych_axis=control_vs_autonomy] :: True choice disrupts prediction.
627,approach,7,initiation,Freedom requires structural awareness.,matrix_atoms,career,structure_vs_freedom,[act=initiation | stage=approach | spoke=7 | source=matrix_atoms | workstream=career | psych_axis=structure_vs_freedom] :: Freedom requires structural awareness.
628,approach,7,initiation,Autonomy begins with self-knowledge.,matrix_atoms,spiritual,control_vs_autonomy,[act=initiation | stage=approach | spoke=7 | source=matrix_atoms | workstream=spiritual | psych_axis=control_vs_autonomy] :: Autonomy begins with self-knowledge.
629,approach,7,initiation,Systems preserve themselves first.,matrix_atoms,career,structure_vs_freedom,[act=initiation | stage=approach | spoke=7 | source=matrix_atoms | workstream=career | psych_axis=structure_vs_freedom] :: Systems preserve themselves first.
630,ordeal,8,initiation,Hatred simplifies complexity into targets.,matrix_atoms,spiritual,domination_vs_compassion,[act=initiation | stage=ordeal | spoke=8 | source=matrix_atoms | workstream=spiritual | psych_axis=domination_vs_compassion] :: Hatred simplifies complexity into targets.
631,ordeal,8,initiation,Control is fear seeking certainty.,matrix_atoms,lmb,certainty_vs_trust,[act=initiation | stage=ordeal | spoke=8 | source=matrix_atoms | workstream=lmb | psych_axis=certainty_vs_trust] :: Control is fear seeking certainty.
632,ordeal,8,initiation,Attachment can masquerade as love.,matrix_atoms,dating,attachment_vs_love,[act=initiation | stage=ordeal | spoke=8 | source=matrix_atoms | workstream=dating | psych_axis=attachment_vs_love] :: Attachment can masquerade as love.
633,ordeal,8,initiation,Rebellion without awareness becomes obedience.,matrix_atoms,story,structure_vs_freedom,[act=initiation | stage=ordeal | spoke=8 | source=matrix_atoms | workstream=story | psych_axis=structure_vs_freedom] :: Rebellion without awareness becomes obedience.
634,ordeal,8,initiation,Domination is insecurity wearing armor.,matrix_atoms,spiritual,domination_vs_compassion,[act=initiation | stage=ordeal | spoke=8 | source=matrix_atoms | workstream=spiritual | psych_axis=domination_vs_compassion] :: Domination is insecurity wearing armor.
635,reward,9,initiation,Compassion interrupts control.,matrix_atoms,spiritual,domination_vs_compassion,[act=initiation | stage=reward | spoke=9 | source=matrix_atoms | workstream=spiritual | psych_axis=domination_vs_compassion] :: Compassion interrupts control.
636,reward,9,initiation,Restraint is strength under tension.,matrix_atoms,lmb,ego_vs_discipline,[act=initiation | stage=reward | spoke=9 | source=matrix_atoms | workstream=lmb | psych_axis=ego_vs_discipline] :: Restraint is strength under tension.
637,reward,9,initiation,Presence dissolves panic.,matrix_atoms,lmb,numbness_vs_presence,[act=initiation | stage=reward | spoke=9 | source=matrix_atoms | workstream=lmb | psych_axis=numbness_vs_presence] :: Presence dissolves panic.
638,reward,9,initiation,Clarity weakens manipulation.,matrix_atoms,spiritual,projection_vs_ownership,[act=initiation | stage=reward | spoke=9 | source=matrix_atoms | workstream=spiritual | psych_axis=projection_vs_ownership] :: Clarity weakens manipulation.
639,return,10,return,Freedom is independence from reassurance.,matrix_atoms,spiritual,certainty_vs_trust,[act=return | stage=return | spoke=10 | source=matrix_atoms | workstream=spiritual | psych_axis=certainty_vs_trust] :: Freedom is independence from reassurance.
640,return,10,return,Maturity is choice without comfort.,matrix_atoms,lmb,comfort_vs_truth,[act=return | stage=return | spoke=10 | source=matrix_atoms | workstream=lmb | psych_axis=comfort_vs_truth] :: Maturity is choice without comfort.
641,return,10,return,"Structure is navigated, not worshipped.",matrix_atoms,career,structure_vs_freedom,"[act=return | stage=return | spoke=10 | source=matrix_atoms | workstream=career | psych_axis=structure_vs_freedom] :: Structure is navigated, not worshipped."
642,integration,11,return,Power without contempt is integration.,matrix_atoms,spiritual,domination_vs_compassion,[act=return | stage=integration | spoke=11 | source=matrix_atoms | workstream=spiritual | psych_axis=domination_vs_compassion] :: Power without contempt is integration.
643,integration,11,return,You can live inside a system without being owned by it.,matrix_atoms,lmb,structure_vs_freedom,[act=return | stage=integration | spoke=11 | source=matrix_atoms | workstream=lmb | psych_axis=structure_vs_freedom] :: You can live inside a system without being owned by it.
644,integration,11,return,Inner stability reduces outer control.,matrix_atoms,lmb,control_vs_autonomy,[act=return | stage=integration | spoke=11 | source=matrix_atoms | workstream=lmb | psych_axis=control_vs_autonomy] :: Inner stability reduces outer control.
645,elixir,12,return,"Notice the fear, choose the clean next move.",matrix_atoms,lmb,fear_vs_action,"[act=return | stage=elixir | spoke=12 | source=matrix_atoms | workstream=lmb | psych_axis=fear_vs_action] :: Notice the fear, choose the clean next move."
646,elixir,12,return,Awareness precedes liberation.,matrix_atoms,spiritual,control_vs_autonomy,[act=return | stage=elixir | spoke=12 | source=matrix_atoms | workstream=spiritual | psych_axis=control_vs_autonomy] :: Awareness precedes liberation.
647,elixir,12,return,The anomaly is compassion under pressure.,matrix_atoms,story,domination_vs_compassion,[act=return | stage=elixir | spoke=12 | source=matrix_atoms | workstream=story | psych_axis=domination_vs_compassion] :: The anomaly is compassion under pressure.
648,elixir,12,return,"Transformation begins internally, not structurally.",matrix_atoms,spiritual,control_vs_autonomy,"[act=return | stage=elixir | spoke=12 | source=matrix_atoms | workstream=spiritual | psych_axis=control_vs_autonomy] :: Transformation begins internally, not structurally."
649,refusal,3,departure,Comfort is a cage.,cross_atoms,spiritual,comfort_vs_truth,[act=departure | stage=refusal | spoke=3 | source=cross_atoms | workstream=spiritual | psych_axis=comfort_vs_truth] :: Comfort is a cage.
650,refusal,3,departure,Numbness is protection.,cross_atoms,lmb,numbness_vs_presence,[act=departure | stage=refusal | spoke=3 | source=cross_atoms | workstream=lmb | psych_axis=numbness_vs_presence] :: Numbness is protection.
651,refusal,3,departure,Planning hides fear.,cross_atoms,career,fear_vs_action,[act=departure | stage=refusal | spoke=3 | source=cross_atoms | workstream=career | psych_axis=fear_vs_action] :: Planning hides fear.
652,call,2,departure,Truth arrives with a cost.,cross_atoms,spiritual,comfort_vs_truth,[act=departure | stage=call | spoke=2 | source=cross_atoms | workstream=spiritual | psych_axis=comfort_vs_truth] :: Truth arrives with a cost.
653,call,2,departure,The body signals first.,cross_atoms,lmb,numbness_vs_presence,[act=departure | stage=call | spoke=2 | source=cross_atoms | workstream=lmb | psych_axis=numbness_vs_presence] :: The body signals first.
654,call,2,departure,The loop is a lesson.,cross_atoms,story,practice_vs_fantasy,[act=departure | stage=call | spoke=2 | source=cross_atoms | workstream=story | psych_axis=practice_vs_fantasy] :: The loop is a lesson.
655,threshold,5,departure,Imperfect action opens doors.,cross_atoms,career,fear_vs_action,[act=departure | stage=threshold | spoke=5 | source=cross_atoms | workstream=career | psych_axis=fear_vs_action] :: Imperfect action opens doors.
656,threshold,5,departure,Choose truth over ease.,cross_atoms,spiritual,comfort_vs_truth,[act=departure | stage=threshold | spoke=5 | source=cross_atoms | workstream=spiritual | psych_axis=comfort_vs_truth] :: Choose truth over ease.
657,threshold,5,departure,Discomfort is the entry fee.,cross_atoms,lmb,comfort_vs_truth,[act=departure | stage=threshold | spoke=5 | source=cross_atoms | workstream=lmb | psych_axis=comfort_vs_truth] :: Discomfort is the entry fee.
658,tests,6,initiation,Systems resist change.,cross_atoms,career,structure_vs_freedom,[act=initiation | stage=tests | spoke=6 | source=cross_atoms | workstream=career | psych_axis=structure_vs_freedom] :: Systems resist change.
659,tests,6,initiation,Resistance is data.,cross_atoms,career,practice_vs_fantasy,[act=initiation | stage=tests | spoke=6 | source=cross_atoms | workstream=career | psych_axis=practice_vs_fantasy] :: Resistance is data.
660,tests,6,initiation,Practice beats insight.,cross_atoms,fitness,practice_vs_fantasy,[act=initiation | stage=tests | spoke=6 | source=cross_atoms | workstream=fitness | psych_axis=practice_vs_fantasy] :: Practice beats insight.
661,tests,6,initiation,Presence beats tactics.,cross_atoms,dating,numbness_vs_presence,[act=initiation | stage=tests | spoke=6 | source=cross_atoms | workstream=dating | psych_axis=numbness_vs_presence] :: Presence beats tactics.
662,tests,6,initiation,Belief shapes behavior.,cross_atoms,spiritual,certainty_vs_trust,[act=initiation | stage=tests | spoke=6 | source=cross_atoms | workstream=spiritual | psych_axis=certainty_vs_trust] :: Belief shapes behavior.
663,tests,6,initiation,Projection creates enemies.,cross_atoms,spiritual,projection_vs_ownership,[act=initiation | stage=tests | spoke=6 | source=cross_atoms | workstream=spiritual | psych_axis=projection_vs_ownership] :: Projection creates enemies.
664,tests,6,initiation,Mentors train restraint.,cross_atoms,spiritual,mentorship_vs_dependence,[act=initiation | stage=tests | spoke=6 | source=cross_atoms | workstream=spiritual | psych_axis=mentorship_vs_dependence] :: Mentors train restraint.
665,tests,6,initiation,Community raises standards.,cross_atoms,career,ego_vs_service,[act=initiation | stage=tests | spoke=6 | source=cross_atoms | workstream=career | psych_axis=ego_vs_service] :: Community raises standards.
666,allies,6,initiation,A witness anchors reality.,cross_atoms,lmb,projection_vs_ownership,[act=initiation | stage=allies | spoke=6 | source=cross_atoms | workstream=lmb | psych_axis=projection_vs_ownership] :: A witness anchors reality.
667,allies,6,initiation,Brotherhood builds courage.,cross_atoms,story,ego_vs_service,[act=initiation | stage=allies | spoke=6 | source=cross_atoms | workstream=story | psych_axis=ego_vs_service] :: Brotherhood builds courage.
668,allies,6,initiation,Love reveals the mask.,cross_atoms,dating,image_vs_integrity,[act=initiation | stage=allies | spoke=6 | source=cross_atoms | workstream=dating | psych_axis=image_vs_integrity] :: Love reveals the mask.
669,allies,6,initiation,Guidance without ownership.,cross_atoms,spiritual,mentorship_vs_dependence,[act=initiation | stage=allies | spoke=6 | source=cross_atoms | workstream=spiritual | psych_axis=mentorship_vs_dependence] :: Guidance without ownership.
670,approach,7,initiation,Define done.,cross_atoms,career,chaos_vs_structure,[act=initiation | stage=approach | spoke=7 | source=cross_atoms | workstream=career | psych_axis=chaos_vs_structure] :: Define done.
671,approach,7,initiation,Tighten inner criteria.,cross_atoms,lmb,image_vs_integrity,[act=initiation | stage=approach | spoke=7 | source=cross_atoms | workstream=lmb | psych_axis=image_vs_integrity] :: Tighten inner criteria.
672,approach,7,initiation,Structure reduces chaos.,cross_atoms,career,chaos_vs_structure,[act=initiation | stage=approach | spoke=7 | source=cross_atoms | workstream=career | psych_axis=chaos_vs_structure] :: Structure reduces chaos.
673,approach,7,initiation,Prepare without guarantees.,cross_atoms,spiritual,certainty_vs_trust,[act=initiation | stage=approach | spoke=7 | source=cross_atoms | workstream=spiritual | psych_axis=certainty_vs_trust] :: Prepare without guarantees.
674,ordeal,8,initiation,Attachment seeks control.,cross_atoms,dating,attachment_vs_love,[act=initiation | stage=ordeal | spoke=8 | source=cross_atoms | workstream=dating | psych_axis=attachment_vs_love] :: Attachment seeks control.
675,ordeal,8,initiation,Control is fear.,cross_atoms,lmb,control_vs_autonomy,[act=initiation | stage=ordeal | spoke=8 | source=cross_atoms | workstream=lmb | psych_axis=control_vs_autonomy] :: Control is fear.
676,ordeal,8,initiation,Ego wants shortcuts.,cross_atoms,lmb,practice_vs_fantasy,[act=initiation | stage=ordeal | spoke=8 | source=cross_atoms | workstream=lmb | psych_axis=practice_vs_fantasy] :: Ego wants shortcuts.
677,ordeal,8,initiation,Institutions weaponize duty.,cross_atoms,career,structure_vs_freedom,[act=initiation | stage=ordeal | spoke=8 | source=cross_atoms | workstream=career | psych_axis=structure_vs_freedom] :: Institutions weaponize duty.
678,ordeal,8,initiation,Rebellion can be engineered.,cross_atoms,story,structure_vs_freedom,[act=initiation | stage=ordeal | spoke=8 | source=cross_atoms | workstream=story | psych_axis=structure_vs_freedom] :: Rebellion can be engineered.
679,ordeal,8,initiation,Hatred dehumanizes.,cross_atoms,spiritual,domination_vs_compassion,[act=initiation | stage=ordeal | spoke=8 | source=cross_atoms | workstream=spiritual | psych_axis=domination_vs_compassion] :: Hatred dehumanizes.
680,reward,9,initiation,Restraint is strength.,cross_atoms,lmb,ego_vs_discipline,[act=initiation | stage=reward | spoke=9 | source=cross_atoms | workstream=lmb | psych_axis=ego_vs_discipline] :: Restraint is strength.
681,reward,9,initiation,Mercy interrupts violence.,cross_atoms,spiritual,domination_vs_compassion,[act=initiation | stage=reward | spoke=9 | source=cross_atoms | workstream=spiritual | psych_axis=domination_vs_compassion] :: Mercy interrupts violence.
682,reward,9,initiation,Clarity breaks spells.,cross_atoms,spiritual,projection_vs_ownership,[act=initiation | stage=reward | spoke=9 | source=cross_atoms | workstream=spiritual | psych_axis=projection_vs_ownership] :: Clarity breaks spells.
683,return,10,return,Consistency beats intensity.,cross_atoms,fitness,intensity_vs_consistency,[act=return | stage=return | spoke=10 | source=cross_atoms | workstream=fitness | psych_axis=intensity_vs_consistency] :: Consistency beats intensity.
684,return,10,return,Deeds outrank image.,cross_atoms,career,image_vs_integrity,[act=return | stage=return | spoke=10 | source=cross_atoms | workstream=career | psych_axis=image_vs_integrity] :: Deeds outrank image.
685,integration,11,return,Hold paradox calmly.,cross_atoms,spiritual,certainty_vs_trust,[act=return | stage=integration | spoke=11 | source=cross_atoms | workstream=spiritual | psych_axis=certainty_vs_trust] :: Hold paradox calmly.
686,integration,11,return,Feel fear without obeying it.,cross_atoms,lmb,fear_vs_action,[act=return | stage=integration | spoke=11 | source=cross_atoms | workstream=lmb | psych_axis=fear_vs_action] :: Feel fear without obeying it.
687,elixir,12,return,Choose the clean next move.,cross_atoms,lmb,fear_vs_action,[act=return | stage=elixir | spoke=12 | source=cross_atoms | workstream=lmb | psych_axis=fear_vs_action] :: Choose the clean next move.
688,elixir,12,return,Teach what you practiced.,cross_atoms,career,practice_vs_fantasy,[act=return | stage=elixir | spoke=12 | source=cross_atoms | workstream=career | psych_axis=practice_vs_fantasy] :: Teach what you practiced.
